Feature_Date,Minimum,Maximum,Mean,Median,Variance,Standard_Deviation,Skewness,Kurtosis,IQR,Percentile_25,Percentile_50,Percentile_75,Percentile_90,Percentile_95,Percentile_99
2014/01/01,0.0,50.36887027554679,27.26910361550077,26.94057309440415,78.42838270617412,8.855980053397484,-0.1817846540782431,0.3782026273303094,12.620658573842498,20.763744027929206,26.94057309440415,33.384402601771704,39.31839743893491,41.47295122341247,46.12651223595339
2014/01/02,0.0,52.41538887977983,27.251933447194247,27.26125815817312,72.2483415252544,8.499902442102169,-0.2670528470501651,0.47221739031566834,11.918028600194997,21.197329216086597,27.26125815817312,33.115357816281595,38.63177602814915,40.857243341324285,44.85886188729513
2014/01/03,0.0,53.73561155899922,27.466013771043436,27.428271303081026,72.26083888915429,8.500637557804373,-0.14803249068981528,0.2467774800392024,12.805329721729244,20.896047168333716,27.428271303081026,33.70137689006296,38.41524010077518,41.62829445126558,45.40831362637993
2014/01/04,0.0,49.77673868307284,27.502910644890513,27.519117122158306,74.59220376627576,8.63667781998818,-0.23655855184565033,0.38563271500984664,12.620638906461522,21.323698423223597,27.519117122158306,33.94433732968512,38.71467426594962,41.07263805632064,45.864526557197806
2014/01/05,0.0,52.051015950964256,27.708116683605844,27.593095048381088,73.30996828744084,8.562124052327253,-0.14231706063504707,0.26468615145088625,12.288229220865595,21.416703943101034,27.593095048381088,33.70493316396663,39.2760593121776,41.953082470491125,45.551716562191
2014/01/06,0.0,52.128474590515054,27.761363343972892,27.60857841819397,77.0227045425896,8.776258003419771,-0.27745187870886734,0.436666795668629,12.807182932550639,21.56381633092699,27.60857841819397,34.37099926347763,38.929014600313394,41.807885685829156,45.61041700266419
2014/01/07,0.0,51.47606525828854,27.68107656207529,27.564961140692915,75.8067109401843,8.706704941605883,-0.26278428441966645,0.3125003328791931,12.82221645627235,21.449282139981477,27.564961140692915,34.27149859625383,39.005489500262264,41.28706104215082,45.18623182812442
2014/01/08,0.0,52.05402088658786,28.069692247958034,28.01837082996242,71.65625815645619,8.46500195844373,-0.2065393545164134,0.15955874552093974,12.765174574594294,21.54638331106111,28.01837082996242,34.311557885655404,39.342695426505536,41.686642290335215,44.67864065508522
2014/01/09,0.0,53.08852648354497,27.872676897905826,27.578259910572832,72.64443118527747,8.523170254387592,-0.17021517006095815,0.4024996306764823,12.4571454926884,21.541673787077936,27.578259910572832,33.99881927976634,39.01185592156079,41.80381672939128,46.05145688650098
2014/01/10,0.0,54.70591588010885,28.012000374783774,27.713947309864352,73.8341021130608,8.592677237803175,-0.23153583543149256,0.49822277335051623,12.452630694171326,21.57366589282109,27.713947309864352,34.026296586992416,39.0048512156483,41.85276140509864,45.86090310776721
2014/01/11,0.0,50.6316422667747,28.012960296136438,27.821702094243562,70.63130529357616,8.404243290955835,-0.1743927718262039,0.24982252267664506,12.612820896000741,21.649527319978816,27.821702094243562,34.26234821597956,39.245812555224056,41.892661731066084,45.443530785907235
2014/01/12,0.0,51.57471508544938,28.10058201633195,27.83844557565106,73.0346608894681,8.546031879736239,-0.2253639387041541,0.36762131832040046,12.486623621904432,21.808021765817966,27.83844557565106,34.2946453877224,39.24377910826173,41.67541176249656,45.63734121402728
2014/01/13,0.0,52.71712540908851,28.05553679674719,28.28551712872858,75.91070262213253,8.712674825914975,-0.39172422369039855,0.6609391406144227,12.64269287503232,21.70318588240757,28.28551712872858,34.34587875743989,39.14366221096302,41.48005965955827,45.70774478843382
2014/01/14,0.0,56.1753164755068,28.13561713922638,27.82222272091195,73.40089489947614,8.567432223220452,-0.24781630815896188,0.5286754689075366,12.675951662975159,21.867716543470678,27.82222272091195,34.54366820644584,39.215382956879445,41.69844513282779,45.88821196506154
2014/01/15,0.0,52.83855174157067,28.50835673368347,28.423921388265324,77.52709393478281,8.80494712844903,-0.2037146774842759,0.4035534660546527,12.928330453329202,21.90103754714631,28.423921388265324,34.82936800047551,40.08856371979151,42.491495792034456,47.204665346455215
2014/01/16,0.0,50.68140935111124,28.369720672666123,28.1577590415235,71.17479981937971,8.436515857827787,-0.2585067887656895,0.42194864670520316,12.401261049392104,22.24437935166383,28.1577590415235,34.645640401055935,39.35345182537176,41.59462406050284,46.06074802963274
2014/01/17,0.0,54.96634924773007,28.151473439871573,28.28971483360576,76.89755248459326,8.769124955466951,-0.3763265681764425,0.6573802859791291,12.823582081673582,21.726057587553843,28.28971483360576,34.549639669227425,39.55720280022716,41.71504389424605,45.571045675090005
2014/01/18,0.0,50.83337885149764,28.411299596541635,28.22758901567925,75.86171068593376,8.709862839673985,-0.3571033226075192,0.6693696988971864,12.363783805960512,22.329386443743335,28.22758901567925,34.69317024970385,39.390005800532904,42.356291963709765,46.35917060984957
2014/01/19,0.0,52.06216522278755,28.369515338945174,28.47550985457096,72.90516416907131,8.538452094441434,-0.32632981004099315,0.7597926528423757,12.091594197268101,22.2108258120086,28.47550985457096,34.3024200092767,38.955346106406665,42.03222494446128,46.157260166150856
2014/01/20,0.0,51.157227062461445,28.638815658892106,28.695012593035106,69.79806848935822,8.354523833789584,-0.27015189540191814,0.46890388472388134,12.333904734554523,22.48476794586398,28.695012593035106,34.8186726804185,39.47467269404123,42.06000412009056,45.899589636707624
2014/01/21,0.0,50.79082922905759,28.51015857504103,28.38404429336375,74.75185108509447,8.645915283247602,-0.34969240278763297,0.6659035766089678,12.788946892101368,22.37429457847529,28.38404429336375,35.16324147057666,39.248131439992974,41.860325978911746,46.712836024571395
2014/01/22,0.0,54.62855545272424,28.573777471040266,28.67060693171713,76.49419918316691,8.746096225354881,-0.4034232985317812,0.6989031506750503,12.909934947039677,22.178122575233527,28.67060693171713,35.0880575222732,39.63216998682365,41.82359554962963,46.7363235880579
2014/01/23,0.0,49.93611740980063,28.861911932123693,28.803665525078856,74.1796623821727,8.612761600217011,-0.37968123871238957,0.6756330557487793,12.447631679020411,22.77736965906952,28.803665525078856,35.22500133808993,39.98582480422614,42.46223733479876,46.30346030165573
2014/01/24,0.0,51.554191637260885,28.911935429083584,28.685387845726986,74.70417276650932,8.64315756922835,-0.33462391281786386,0.6628920992412777,12.628332341024525,22.708451970123555,28.685387845726986,35.33678431114808,39.98439503487109,42.48104831101501,46.93335793148838
2014/01/25,0.0,50.658711872897655,28.9463890936532,28.917564052534633,73.77416255551748,8.589188701822629,-0.26560613537361183,0.48843210975817364,12.725371556964031,22.4401776983165,28.917564052534633,35.16554925528053,40.53762692042528,42.58306544357527,46.33044227759537
2014/01/26,0.0,53.06717284213681,28.85412078318973,28.890779229428333,75.3063957726595,8.677925775936291,-0.3665275941100643,0.8055677409130109,12.146231761962213,22.763714403075376,28.890779229428333,34.90994616503759,40.05591101564505,42.75826947122904,46.83421528255323
2014/01/27,0.0,54.33435657787636,29.028849584676617,28.84904409044849,77.51863396939595,8.804466705564622,-0.33952307634486595,0.7043845294398414,12.702447515764987,22.578198824284293,28.84904409044849,35.28064634004928,40.46082400206478,42.675235234323424,46.722576599317115
2014/01/28,0.0,52.10417143495675,29.28435465028679,29.273564166332935,78.37058877909533,8.852716463272465,-0.3234629190377996,0.690800410777662,13.032602028313313,22.839361933746602,29.273564166332935,35.871963962059915,40.40059830669689,43.060331986548455,48.17553225440578
2014/01/29,0.0,51.592278323360446,29.28300755502561,29.18878790068857,70.3576463987164,8.387946494745684,-0.2016173048733945,0.3213421135547847,12.56729017412193,22.957231565921383,29.18878790068857,35.52452174004331,40.640527752118224,42.66536101466024,46.243445351937225
2014/01/30,0.0,52.566124577800856,29.098853273753885,28.93781677302856,76.48031508670199,8.745302458274498,-0.3739069058414345,0.7047232208999721,12.906358011529232,22.693931800448272,28.93781677302856,35.600289811977504,40.364954249800135,42.95450352149066,46.57814370310159
2014/01/31,0.0,52.97092804319459,29.197843880447714,29.037202496711817,73.30464075179327,8.561812936043001,-0.2340095805510203,0.6362502067358986,12.494309911181016,22.83110269549923,29.037202496711817,35.325412606680246,40.03710468990394,43.31274556412044,47.46174896713644
2014/02/01,0.0,50.731716958970594,29.202395484209127,29.049670508600784,74.60745092398456,8.637560472956734,-0.32358250201202227,0.7320211363093359,12.405349690855846,22.863805992679605,29.049670508600784,35.26915568353545,40.45324414966112,42.875922066331704,47.234612033644886
2014/02/02,0.0,52.10976267307905,29.219684627969006,29.344266291437076,78.92731285956204,8.884104505213907,-0.4550040867535078,0.9296289658622894,12.647327894682434,23.064991099132804,29.344266291437076,35.71231899381524,40.40520117794965,43.06674660354974,47.04526182465414
2014/02/03,0.0,54.19298847315597,29.2744354318893,29.200664480932915,81.41622830539963,9.023094164719751,-0.40012815444330857,0.9394038524659551,12.401892455799537,23.15131477842281,29.200664480932915,35.55320723422235,40.8635895663826,43.67616067358008,47.50199786251029
2014/02/04,0.0,51.551497278761126,29.685431844500844,29.510432834312432,78.44046112771383,8.85666196304871,-0.28796987408960417,0.603296320422201,13.086124947491232,23.096903879883943,29.510432834312432,36.183028827375175,41.090222455397125,44.168414504362836,47.824704206387935
2014/02/05,0.0,53.90928938141097,29.545299889951313,29.3317977836694,77.78170390276976,8.819393624437554,-0.34817143073056495,0.7074871836533734,13.097697839068491,23.16219311925318,29.3317977836694,36.25989095832167,40.93347857818196,43.0484284317297,48.22472313111097
2014/02/06,0.0,52.29983825481881,29.361900731596315,29.328661421610697,76.31246276790577,8.735700473797495,-0.45929081249728143,0.9395542417330609,12.485197912611671,23.299798118649573,29.328661421610697,35.784996031261244,40.35789527555564,42.77719718006853,47.1262896033058
2014/02/07,0.0,53.11865780231762,29.734167054442317,29.77669637065268,78.74684586525849,8.873941957510118,-0.3703275494937875,0.6987264869407128,13.217075178550921,23.190598866101546,29.77669637065268,36.40767404465247,41.386051883121524,43.320038211070994,47.60783908341699
2014/02/08,0.0,53.38609141222117,29.62783527584081,29.78414793508842,75.70244541404603,8.700715224281623,-0.46201932238058924,1.0063739666356923,12.29007465559393,23.39039804448876,29.78414793508842,35.68047270008269,40.3813870740831,43.120168272311595,47.678935989132775
2014/02/09,0.0,52.46864557665957,29.78002622568803,29.598738685441692,76.29003828104041,8.734416882714061,-0.34428395945258866,0.6737239143719669,12.953722133288156,23.250369672711717,29.598738685441692,36.20409180599987,40.90496569849027,43.475967725902265,47.24976659932191
2014/02/10,0.0,52.83322958753014,29.72016724268406,29.75931725546218,75.0161513649274,8.661186487134854,-0.33862614265656016,0.9407310973774003,12.007166575083168,23.642071254172187,29.75931725546218,35.649237829255355,40.96014105955653,43.75884269851834,48.20790503507146
2014/02/11,0.0,54.61697142606144,29.87786171994605,29.679757324615636,76.68173774519396,8.756810934649323,-0.30995183118199265,0.7235613126111629,12.53584953787141,23.474258693515093,29.679757324615636,36.0101082313865,40.950271529253435,44.07818307789318,48.27373236087029
2014/02/12,0.0,53.37652377591485,29.917785584201656,30.061136669511733,75.90371401091757,8.71227375665604,-0.40702847405817555,0.8867825330171764,12.78201005224177,23.62648949148039,30.061136669511733,36.40849954372216,40.960139024159886,43.35312465388624,47.77789108880534
2014/02/13,0.0,54.17063355145801,29.933774873591528,29.7818972207634,76.87263294895871,8.767703972475275,-0.3242671289071434,0.813006900419031,12.620073609249363,23.60740779585947,29.7818972207634,36.22748140510883,41.49638203485632,43.89165444481294,48.297642282028384
2014/02/14,0.0,52.802689091293786,29.822874643310087,29.703706466770186,76.84933527186786,8.766375264148111,-0.42344727536637106,0.9587467446831148,12.519298984984719,23.627327595034135,29.703706466770186,36.146626580018854,41.35447174921773,43.50499582750254,47.45723829871336
2014/02/15,0.0,54.968319039331305,29.985732186699696,30.156011349655323,76.0993296339397,8.723492972080605,-0.43584294118308,0.891172525821887,12.59828321647467,23.693571126642333,30.156011349655323,36.291854343117,41.199917480822805,43.343381422677396,47.60672910459671
2014/02/16,0.0,51.91705623071022,29.8602080466836,29.85903325363284,79.46993750239723,8.914591269508504,-0.4730639964195111,1.0101011766520003,12.48088616930859,23.64398005001061,29.85903325363284,36.1248662193192,41.228967714986425,44.07855001534817,47.351799979846874
2014/02/17,0.0,54.33591410194786,30.205709267436568,29.893943162735088,73.79046115785093,8.590137435329597,-0.35689960161876233,0.8583171146698323,12.596833979995822,24.108278877199965,29.893943162735088,36.705112857195786,41.11905938535206,43.77776000618739,47.88601267398759
2014/02/18,0.0,51.62647511450515,30.21868450474124,30.144716117943474,76.48520183874028,8.74558184678071,-0.4024273582371854,0.8659673373925614,12.31623944739669,24.087600046569136,30.144716117943474,36.403839493965826,41.44806304027072,44.170746998591,47.85999510210921
2014/02/19,0.0,51.95804847892394,30.22908222276151,30.007663207412886,74.7848877990764,8.647825611046768,-0.37394898507430036,0.8680848075684637,12.497595770704201,24.01318431956205,30.007663207412886,36.51078009026625,41.52632094421114,44.18761033435452,47.91021834559128
2014/02/20,0.0,51.928112851291246,30.24917974106473,30.30433445462931,73.89748628114356,8.596364713129821,-0.45162591217160913,1.026482482733242,12.36564045494331,24.043295396950064,30.30433445462931,36.408935851893375,41.172994604451894,43.816251645565146,47.516756426911776
2014/02/21,0.0,51.62612111950364,30.215430108275818,30.16229570783508,75.06965312683506,8.66427452974772,-0.41524383752098226,0.9213147309476515,12.616439781239372,23.856449257797543,30.16229570783508,36.472889039036914,41.298179726028465,43.873625557023416,47.4724914773901
2014/02/22,0.0,54.89674546529325,30.556696957918973,30.19333528719536,77.6549714637556,8.812205822820731,-0.33685659049896755,0.6978491194391059,13.093814026256524,23.943963010580248,30.19333528719536,37.03777703683677,41.97402084789357,44.414989641601416,47.77686356826425
2014/02/23,0.0,53.151716268178674,30.247319237000568,30.098210996503912,79.38304542216295,8.909716349141704,-0.39520717425619145,0.8843156432181543,12.862097953172118,23.99276709699911,30.098210996503912,36.85486505017123,41.58832403298791,44.27934531522957,48.67912993715608
2014/02/24,0.0,52.05865420334089,30.48366008337526,30.379151789001604,76.16330589072543,8.727159096219424,-0.37144797043919947,0.8957843460778436,12.716215811723401,24.009670940789825,30.379151789001604,36.725886752513226,41.6634922235879,44.18923411649643,48.984897215432674
2014/02/25,0.0,53.11936502834206,30.495384718023903,30.408043399581484,77.99669400217046,8.831573699073708,-0.41177390795467744,1.0494233429464677,12.368751868844317,24.506577138150075,30.408043399581484,36.87532900699439,41.50976331037525,44.59587508725742,49.15137343840238
2014/02/26,0.0,52.952185982388144,30.34792529796242,30.118950309893957,76.94353274038481,8.771746276562313,-0.4311093978106332,1.0808454834500831,12.378532292080148,24.29161917192118,30.118950309893957,36.67015146400133,41.52577271957215,44.290623767300914,48.04249571401395
2014/02/27,0.0,52.31608188528319,30.34922182442833,30.34606047089777,77.45296541140107,8.800736640270578,-0.5685599126638292,1.2468158376704541,12.441822176792336,24.339427322208913,30.34606047089777,36.78124949900125,41.37266347938502,43.58852147658068,47.991404483799435
2014/02/28,0.0,55.71203743779989,30.372219646638072,30.503576131991448,77.78218186047982,8.819420721367125,-0.4752833276455046,1.1609413198040426,12.403699560904464,24.256694105247014,30.503576131991448,36.66039366615148,41.33466342366113,44.13499293816702,48.61712757852787
2014/03/01,0.0,54.26503239726081,30.794141672088447,30.859993823442476,72.86875816498424,8.536319942749582,-0.26916819512341816,0.7236006897599911,12.424260280406063,24.301458580683505,30.859993823442476,36.72571886108957,41.86726484278789,44.04943978453999,48.7385864660382
2014/03/02,0.0,52.38276047498865,30.757557090541727,30.73419450943117,77.66506580981017,8.81277855218263,-0.454263358173464,1.056867736601908,12.731838838350399,24.47034802321828,30.73419450943117,37.20218686156868,41.94708766330102,44.579429198449795,48.549006911148744
2014/03/03,0.0,59.30908636434037,30.54334073224339,30.74331723198391,73.79472942565741,8.590385871755553,-0.3586366809227799,1.0371905722776988,12.387573423887144,24.30591925041784,30.74331723198391,36.693492674304984,41.39652131576006,44.20518149041699,49.03609253914905
2014/03/04,0.0,52.29995315768974,30.608784210733578,30.407942592956278,78.15351060157398,8.840447420893016,-0.44356649655841046,1.0265435570145143,12.599046603321383,24.43727660213721,30.407942592956278,37.036323205458594,41.78909843873102,44.545591869594794,49.07552890250282
2014/03/05,0.0,53.04160433492969,30.651964752533853,30.626707885305258,81.6733763380268,9.037332368460662,-0.5275039948603869,1.1834720292304843,12.53083891736972,24.427837142315397,30.626707885305258,36.95867605968512,42.46789650830368,44.96504934190577,48.33227538272829
2014/03/06,0.0,54.70891371181665,30.492221644689344,30.67662700535157,77.22977891935449,8.788047503248631,-0.574302547256497,1.277233471875126,12.834687060315122,24.23947082292008,30.67662700535157,37.0741578832352,41.516086545894076,43.819106767942536,47.83617423058553
2014/03/07,0.0,54.231295233071016,30.918731708289847,30.8632959194652,77.28783869103145,8.79135022001919,-0.3840103533234017,0.9554760631679753,12.391684917876319,24.580495563386947,30.8632959194652,36.972180481263266,42.077844770204884,44.718910939473005,49.33426333340271
2014/03/08,0.0,53.8178722687775,30.573895175853224,30.43992102339816,80.50552630244057,8.972487185972492,-0.5368724423624074,1.2924216057773923,12.184022626602541,24.630735558170464,30.43992102339816,36.814758184773005,41.975366116561574,44.576918893316915,49.21059527927291
2014/03/09,0.0,55.24847650683011,30.984192190850287,31.012641612630134,74.25514560103463,8.61714254268981,-0.36654469627585695,0.9380893996146487,12.449746796473839,24.725608215872924,31.012641612630134,37.17535501234676,42.17312781663947,44.58847508428894,48.48418500236069
2014/03/10,0.0,51.81120770836535,30.675428531159938,30.576666763526067,77.53025483296774,8.805126622199577,-0.5263285433299641,1.163257314695465,12.488821363003286,24.597352237978694,30.576666763526067,37.08617360098198,41.98077726194252,43.94286550356619,48.10543180209796
2014/03/11,0.0,53.79685104622386,31.088892633459785,31.10545111195509,78.93976604466334,8.884805346470081,-0.425750764764039,1.071031280121892,12.824486504661571,24.697708268840863,31.10545111195509,37.522194773502434,42.400785575580116,45.409227575527666,49.25249572000638
2014/03/12,0.0,53.53596581715898,31.009016457182597,31.08773487487131,76.58361067464631,8.751206241121638,-0.42433232615651334,0.9791916735850932,12.754806227351935,24.66516375392314,31.08773487487131,37.419969981275074,42.1582562539996,44.71280489572545,49.39167346184498
2014/03/13,0.0,52.47649522655952,30.92984867438007,30.869948029126217,72.97530139230916,8.542558246351566,-0.342190317862108,0.8742175932960374,12.723002456640316,24.563206859605486,30.869948029126217,37.2862093162458,41.89144611226682,44.428395369358746,48.65030522775101
2014/03/14,0.0,55.47097553239128,31.084487997256105,30.76944038406352,73.78250714287475,8.589674449178778,-0.3511273979617609,0.8845930342474082,12.15713071268808,25.04520126861783,30.76944038406352,37.20233198130591,42.295915576403935,44.72152202530967,48.58219048345363
2014/03/15,0.0,52.71318657967221,31.00367090304069,30.912662236605833,76.71647625034399,8.758794223541502,-0.45499571257673277,1.0969129016193597,12.64541817055725,24.823560502982545,30.912662236605833,37.468978673539794,42.02967407421282,44.41354445203482,49.46000937558047
2014/03/16,0.0,53.95840176968097,31.080066691023312,31.03586949102172,73.89044365370698,8.595955075133128,-0.35722625638865446,0.8972980313856986,12.440289051205703,24.74796702998038,31.03586949102172,37.18825608118608,42.43488667636629,45.06636437272824,48.039189676895944
2014/03/17,0.0,54.290087671215154,30.959581332847872,30.876305900567658,78.9374289370422,8.88467382277156,-0.43925303988103426,1.106639998212481,12.743642642444005,24.738468743112147,30.876305900567658,37.48211138555615,42.116039583721616,44.660693538236394,49.79639971641494
2014/03/18,0.0,53.06424210248875,31.026006621746653,30.89931504535722,76.66689191043237,8.755963220025103,-0.3771435741657202,0.9525448728620551,12.877498883488244,24.741027093223032,30.89931504535722,37.618525976711275,42.26139269584134,44.84264954596367,49.50306199199892
2014/03/19,0.0,57.71161387234348,30.831270687950724,31.12233368815466,86.75938562896053,9.31447183843295,-0.6064769592614976,1.2792593097429181,12.814174112478764,24.496992685996464,31.12233368815466,37.31116679847523,42.259198648819854,44.93272595636131,48.88259838742953
2014/03/20,0.0,54.0010505089642,31.092343726437118,31.140746988543473,81.04471253372306,9.002483686945679,-0.5104542748831367,1.2202758090047467,12.680744476533043,24.910930081016488,31.140746988543473,37.59167455754953,42.5556252043085,45.16508051321773,49.24724128970767
2014/03/21,0.0,54.40434077242356,31.042510078691567,30.99335031197262,74.29068171600574,8.619204239139814,-0.3811391533571382,1.090904372499656,12.28715292593202,24.920962664750803,30.99335031197262,37.20811559068282,42.04217640417243,44.961984130013036,49.20689892276033
2014/03/22,0.0,53.84333378242084,31.060922234363048,30.82431342212752,79.93575062306638,8.940679539222193,-0.48776857288017034,1.212590077333823,12.452187847056969,24.899116776907157,30.82431342212752,37.351304623964126,42.66430584466559,45.09095833892054,49.18450829250416
2014/03/23,0.0,53.99003592593363,31.1570486731254,30.935662990619356,76.97701227318788,8.773654442316946,-0.4101868672820186,0.8929391832858333,12.747867365575182,24.950910211042192,30.935662990619356,37.698777576617374,42.74150596410224,44.71428654495043,48.52573850520583
2014/03/24,0.0,54.23153720984027,31.236877802757707,31.463622779113393,72.67786269180908,8.525131241911122,-0.36262097238760105,0.9513368248880014,12.346758196464098,25.02458357263747,31.463622779113393,37.37134176910157,42.275032212398315,44.44829276129281,48.78918420983437
2014/03/25,0.0,53.48065718620624,31.073738109400473,31.321029716171466,83.27844051443691,9.12570219295134,-0.6353594662042745,1.2283409903909899,13.072530355000723,24.750145059677706,31.321029716171466,37.82267541467843,42.38444891486173,44.7012090881117,47.88361736923276
2014/03/26,0.0,54.46007585228208,31.242534264179927,30.956128059896663,76.47687186747943,8.745105594987372,-0.411079967901246,0.9568913710416367,12.813499359965242,24.879291245980667,30.956128059896663,37.69279060594591,42.74684136447867,44.8791239992153,48.41457374006112
2014/03/27,0.0,60.07002968897271,30.92199396760169,30.87358717966981,85.49169289541075,9.246171796771394,-0.5842837059569069,1.4122217516718036,12.720059392326235,24.780615912842848,30.87358717966981,37.50067530516908,42.590236165321485,44.91974944424093,49.19549052283463
2014/03/28,0.0,53.54898682511377,31.18422779827801,30.892998544912523,78.28750219141337,8.848022501746556,-0.4513589540156294,1.115278367466992,12.822467153227343,24.93120180856952,30.892998544912523,37.75366896179686,42.25254180684986,44.71423449019711,49.43617730184613
2014/03/29,0.0,55.19329848573231,31.182241294711222,30.98086578115565,77.36511639246154,8.795744220500136,-0.35275365474043285,0.9622173679141692,12.537236794792449,24.977829433381338,30.98086578115565,37.51506622817379,42.64612524832504,45.09253949864846,49.69685356428884
2014/03/30,0.0,52.67919683701968,31.12484611570613,31.149740560992303,79.85733232694143,8.936292985737511,-0.48211978007412176,1.1274289989808572,12.682229387079968,24.683039012247125,31.149740560992303,37.36526839932709,42.52159676720426,44.999055473525694,49.517824500473075
2014/03/31,0.0,53.601779351927526,30.834785512971045,31.042195659402815,82.07630921027202,9.059597629600997,-0.5867089358880132,1.3566871966084202,12.745548772167027,24.641491973326325,31.042195659402815,37.38704074549335,41.802795832451885,44.31271360574637,49.30763097540663
2014/04/01,0.0,54.24539990905675,31.34737765208293,31.271558006129688,78.72928713853253,8.87295256036752,-0.3889742859173128,1.0212129053013381,12.453962923230502,25.169272735109555,31.271558006129688,37.62323565834006,42.525295690841546,45.78671892223658,49.702229975479064
2014/04/02,0.0,57.18071736690702,31.191037525619894,31.3608011644979,80.89606412441246,8.994223931191199,-0.5210003936152044,1.216432733895477,12.683038256647105,25.059560575781138,31.3608011644979,37.74259883242824,42.58354908188021,45.04848951988932,49.23582873465097
2014/04/03,0.0,51.860281437799415,31.111522798337454,31.121254542453684,75.7452119634077,8.703172522902651,-0.49470295041682344,1.067766074039834,12.812276745244265,24.76399824611487,31.121254542453684,37.576274991359135,42.20579033014763,44.46480365074024,48.53026213887985
2014/04/04,0.0,53.23058644382844,31.048071485299364,30.932370393036408,77.63210983324143,8.810908570246399,-0.4166051656722755,1.0807067368699013,12.499934060129767,24.79579694358042,30.932370393036408,37.29573100371019,42.36747669544279,45.425934503488506,49.15727112375764
2014/04/05,0.0,53.850438739166144,31.26457199973892,31.40738384427012,73.17221268755193,8.554075793886323,-0.3058993606169704,0.6644453511567128,12.588217094305456,24.80527610322848,31.40738384427012,37.393493197533935,42.46075337155981,45.07386014069657,48.70271892570459
2014/04/06,0.0,54.815818358352416,31.238213989622732,31.031046720672713,75.63206245529251,8.696669618612203,-0.3200440711217647,0.805183485526908,12.516897441278182,24.95250631420665,31.031046720672713,37.469403755484834,42.28686957537562,45.07668745339056,49.81487677339237
2014/04/07,0.0,54.134738160339005,31.166790542160136,31.13442820204066,78.27191801003173,8.847141798910636,-0.4262468118667214,1.0511072573535238,12.57668422922793,25.03400723736604,31.13442820204066,37.61069146659397,42.52785960554749,45.36558842482148,48.94128427544056
2014/04/08,0.0,57.07917364680854,31.092410915368635,30.976004754156623,76.08586787317897,8.72272135707538,-0.4621049683689388,1.2316914630294074,12.304124952793487,24.913414553300825,30.976004754156623,37.21753950609431,42.17887263620281,44.31035624512642,49.28874368418192
2014/04/09,0.0,54.43812711856416,31.146690584625933,31.070117280737833,79.27363738638842,8.903574416288574,-0.4264392689589701,1.102591091775182,12.872448673912459,24.752925187034315,31.070117280737833,37.62537386094677,42.44577959615512,44.732889901448694,49.848204120706114
2014/04/10,0.0,58.01528331012021,31.129311552591183,30.907442254013155,80.48808849288275,8.971515395566279,-0.47890417211131026,1.198489818175048,12.866674994917165,24.91138971789356,30.907442254013155,37.778064712810725,42.48458265105128,45.035267266678524,49.23652440059062
2014/04/11,0.0,58.07535760303591,30.97081142099936,30.942833486377523,79.83683972628045,8.935146318123753,-0.5297094357617781,1.3290468662734294,12.404131116592758,24.887448875418322,30.942833486377523,37.29157999201108,42.140863200999085,45.053838783281876,49.33765876560928
2014/04/12,0.0,56.11440677154266,31.09703660661607,30.923906824248284,78.29697103970616,8.848557568310564,-0.43540435402469074,1.1040642328880486,12.65771516922307,24.82496947124252,30.923906824248284,37.48268464046559,42.51972986797187,45.221684340679445,48.51969780812351
2014/04/13,0.0,54.56917893802012,31.168398048493287,31.14474289145576,80.2876472823839,8.96033745359983,-0.3935039438353015,0.9409348513254798,12.717286263313369,24.712646263330583,31.14474289145576,37.42993252664395,42.752170700516814,45.651759188838106,49.27183344535297
2014/04/14,0.0,53.37858348979665,31.068427817316262,30.95540066881811,78.29492775629012,8.848442108998064,-0.45074085593993507,1.032277833624192,12.821477771257513,24.774416386440244,30.95540066881811,37.59589415769776,42.256993733205185,44.50757114037266,48.96456841138117
2014/04/15,0.0,52.29806285597733,30.795079755137106,30.968627945049445,80.33366609463947,8.96290500310248,-0.5825188434133404,1.2718531188405882,12.672567974793765,24.709832884139985,30.968627945049445,37.38240085893375,41.91910084979933,44.46879303842719,48.41131919597145
2014/04/16,0.0,52.22180020204209,30.985581127097397,31.023950068729704,77.60576973458119,8.809413699820277,-0.41710598650936725,1.1110249792762485,12.363392498993065,24.815474573623383,31.023950068729704,37.17886707261645,42.39061346564273,45.09406972030275,49.419208620930036
2014/04/17,0.0,55.092291899550304,31.11646387035356,30.9654078186663,75.72019608507323,8.701735234139983,-0.3526580269726923,0.9236336723955159,12.485293035729715,24.85804520484196,30.9654078186663,37.343338240571676,42.33852191256659,45.10131390232031,48.615268239141244
2014/04/18,0.0,54.71740380886193,30.802078385372937,30.973415134275104,80.51768302208292,8.97316460464662,-0.49802864545380054,1.144465126725172,12.539527177276703,24.56998922611816,30.973415134275104,37.10951640339486,42.18322838713625,44.648514172633234,48.33223684544304
2014/04/19,0.0,55.54631258376638,30.786004535997627,30.86949735550452,78.38189243735805,8.853354869051508,-0.4922569837609195,1.3056251493516147,12.37691833578834,24.4939638397543,30.86949735550452,36.87088217554264,41.66563191397543,44.567713923287464,49.118839817486254
2014/04/20,0.0,56.2116202200018,31.069634829684915,31.056586701448467,78.45975929114563,8.857751367652268,-0.41646533458096996,0.896704830966851,12.946542039673634,24.645450115146627,31.056586701448467,37.59199215482026,42.45008534880609,44.966388417929416,48.53794645541127
2014/04/21,0.0,58.707260092469454,31.004909629877286,30.599043008154464,79.11217633257336,8.894502590509115,-0.3658518969044927,0.9534384636013287,12.841315109504269,24.61468205612132,30.599043008154464,37.45599716562559,42.44807949698259,44.67807686397385,49.13948290115939
2014/04/22,0.0,51.18699100237004,31.03370332172138,30.85581746908602,75.2907171931211,8.677022369057319,-0.3182639643403393,0.6435695052130708,12.889568056274193,24.637727406873005,30.85581746908602,37.5272954631472,42.59291854162613,44.85001219128516,48.44513270565427
2014/04/23,0.0,53.00640743576201,30.690638472858005,30.8738490008624,78.19324416286686,8.842694394971867,-0.5124627990876793,1.1390259658665158,12.77645936527626,24.40878897228007,30.8738490008624,37.18524833755633,41.928021218757735,44.39577079957,48.03894763091525
2014/04/24,0.0,55.8917312650674,30.682908944243817,30.58334563067776,75.81047497758159,8.706921096322258,-0.4079508862566857,1.0211488707246024,12.86730854156093,24.37108083273244,30.58334563067776,37.23838937429337,41.61914446550884,44.14116608090049,48.84824780499982
2014/04/25,0.0,54.69485251049305,30.857435112940944,30.775327707316258,84.6456475533198,9.200306927125844,-0.4314682299698566,1.0606663629105366,12.866498006385815,24.41320766310825,30.775327707316258,37.279705669494064,42.61291565879277,45.53052943729097,50.16672419733181
2014/04/26,0.0,52.138238787690455,30.80506430183414,30.69858931013743,73.89531363988624,8.596238342431313,-0.3693594322110604,0.8817408146678258,12.532682629615387,24.65771168506989,30.69858931013743,37.19039431468528,41.944484439926256,44.23644877987094,48.82871468026635
2014/04/27,0.0,55.87099063964602,30.533344755931417,30.665822343771506,80.30024524224487,8.96104041070259,-0.48753618791449915,1.1733628218112155,12.787650923850613,24.21981107261449,30.665822343771506,37.0074619964651,41.80762105071398,44.2372105794584,48.72666733415734
2014/04/28,0.0,53.871283864650735,30.7310249885271,30.59399127030568,76.64824011616577,8.754898064293254,-0.41743061011288407,0.9812685037690336,12.589319820332822,24.519752679679303,30.59399127030568,37.109072500012125,42.138704089116075,44.60182696328996,48.21756574183684
2014/04/29,0.0,54.42158457955592,30.803347369109318,30.31838506027193,77.65049612559483,8.811951890789851,-0.395889876422402,0.9384498455295418,12.533419072320626,24.74238939964276,30.31838506027193,37.27580847196339,42.07334423010339,44.59900579486725,48.482221708093526
2014/04/30,0.0,53.62413227277909,30.751874696570354,30.66443845791481,73.63125153122739,8.580865430201513,-0.34046145502097785,0.7221550310289269,12.640857276283107,24.406510085766207,30.66443845791481,37.047367362049314,42.03729363870558,44.21545388582439,47.8134366352677
2014/05/01,0.0,53.84730795056847,30.662068446964106,30.674063177137725,73.64416283892018,8.581617728547467,-0.42607478805046106,1.036061701961215,11.956219087974645,24.76076978329796,30.674063177137725,36.716988871272605,41.843449701953574,44.47664280854619,47.75103352836828
2014/05/02,0.0,56.98060143582117,30.60058710287061,30.413577420592237,78.47584118165867,8.858659107430348,-0.4360210408873141,1.0934851963467778,12.65453342444232,24.265704974557934,30.413577420592237,36.920238399000255,41.5435014011864,44.14658782738332,49.27007672907816
2014/05/03,0.0,54.92181728197309,30.371369952996112,30.586492736813288,78.78353115477587,8.876008740125027,-0.48434166773194043,1.2640657270580369,11.927336552661554,24.420503513262307,30.586492736813288,36.34784006592386,41.41405252228081,44.23853122520548,49.05746691734559
2014/05/04,0.0,55.1664099970925,30.60513137516494,30.68328782816168,80.59671525728794,8.977567335157556,-0.4148314299303573,0.9497528391444541,12.876004096984936,24.146432056317536,30.68328782816168,37.02243615330247,42.0019773543729,44.50088195319658,49.37567453417143
2014/05/05,0.0,53.79714803764343,30.581846912303988,30.25791603683598,78.754953976571,8.874398795218243,-0.3560213348238844,0.8450119414712658,13.099957177774098,24.1264997907284,30.25791603683598,37.2264569685025,41.80872334522131,44.738016642682446,48.7995272717949
2014/05/06,0.0,56.48052482215435,30.49835172504246,30.500179928832107,78.96893045078285,8.886446446740274,-0.35397406725170544,0.9233251460584873,12.548438430418535,24.17467198749388,30.500179928832107,36.723110417912416,41.875049944531256,44.601986816190795,48.92258537303925
2014/05/07,0.0,52.83338335102752,30.494866411426507,30.50304569071469,75.1258801902479,8.667518687043477,-0.44080392867306634,0.9204698323201215,12.51383480213282,24.33764513611311,30.50304569071469,36.85147993824593,41.5166202715928,43.60038344133829,47.70582301621142
2014/05/08,0.0,52.353992920626496,30.11762717774639,30.18941005325686,77.78405330777098,8.819526818813523,-0.48021386295178303,1.0610088537904767,12.697416422883794,23.715634585839087,30.18941005325686,36.41305100872288,41.60711484984631,43.874375755288554,47.523275135473995
2014/05/09,0.0,54.20725605381054,30.120264497923948,30.194849275167655,76.34468890755689,8.737544787155993,-0.4807674804784394,1.134401314083512,12.029472752863185,24.224104724311708,30.194849275167655,36.25357747717489,41.2484967274137,43.98638056229222,48.03088729562557
2014/05/10,0.0,55.80802804340036,30.15106207630965,30.15950364829513,74.09810949991831,8.608025877047437,-0.43987665940399123,0.9617489083399695,12.371702575927102,23.981169936415114,30.15950364829513,36.352872512342216,41.16014517688389,43.73478901158705,46.38866271654292
2014/05/11,0.0,52.1571108982654,30.248531738404694,30.133977500097405,76.69199417056035,8.757396540671225,-0.40375446471195114,0.8515503010833512,12.470526180387708,23.905351574385925,30.133977500097405,36.37587775477363,41.62961257592864,43.88293108313403,47.872320690438755
2014/05/12,0.0,52.97069049193798,30.11297512267253,30.183693698520422,80.22181875711641,8.956663371876628,-0.5005252446477038,0.9476679384861972,13.144303699416124,23.70684985958889,30.183693698520422,36.85115355900501,41.52508414991075,43.929757900926106,47.778199090259406
2014/05/13,0.0,54.63315573509763,30.042168533984025,30.06775999191761,78.84561795225794,8.879505501561331,-0.42968730569457775,0.9476409633227889,12.403142829084501,23.939599551188657,30.06775999191761,36.34274238027316,41.27260241914908,43.72263812288261,48.576924004343226
2014/05/14,0.0,53.75228179805088,29.88645063926032,29.708732891396096,80.97312161976768,8.998506632756776,-0.44754551498928263,1.0008776292288681,12.92016703831402,23.585101751722995,29.708732891396096,36.505268790037015,41.22320544098013,44.16320860642459,48.25749390251604
2014/05/15,0.0,56.40386074880323,30.076380850704087,30.065865393637047,76.73964853013176,8.760116924455504,-0.3227411053125302,0.7410122313471335,12.754428267536689,23.708539845365408,30.065865393637047,36.4629681129021,41.5613520534781,43.55364400932192,48.59118894247807
2014/05/16,0.0,51.5928102838369,30.15587778374395,29.981439837030536,75.64306613377208,8.697302233093437,-0.30705645235418816,0.7100714462612849,12.62069756911572,23.730274589684015,29.981439837030536,36.350972158799735,41.52923163663169,43.989154495902824,48.89442031177398
2014/05/17,0.0,51.070892534729474,30.016243275650464,30.028993049759983,75.5233736367677,8.690418496066096,-0.3637246371118716,0.7354913690100942,12.46150733483967,23.75368537555485,30.028993049759983,36.21519271039452,41.46230576204765,43.62882771103578,48.21161313929545
2014/05/18,0.0,55.798626139715424,29.608906676452097,29.662377794975736,83.98480457164172,9.164322373838761,-0.49547104697069905,1.1586964944515596,12.528382787974095,23.465574564211273,29.662377794975736,35.99395735218537,41.089087778738865,43.644199309166375,48.40256565966934
2014/05/19,0.0,51.56024597085962,29.835478291582263,30.003178959349455,77.84295759630689,8.822865611370656,-0.470476952550661,0.9034605389373711,12.512849341062747,23.37207358577406,30.003178959349455,35.88492292683681,40.90543522084767,43.70944200222228,47.734242213423165
2014/05/20,0.0,53.23027203510027,29.708909225011137,30.012859859998997,77.67331366083197,8.813246488146804,-0.4456329216778342,0.8684955771920113,12.835954450791835,23.267960956883275,30.012859859998997,36.10391540767511,40.67324388113201,43.29838741094067,47.200907320349344
2014/05/21,0.0,53.16346966094916,29.617774931958436,29.718059164900737,80.41869832158078,8.967647312510723,-0.48474166103258726,0.8625932631052486,12.892915041051094,23.037164848363734,29.718059164900737,35.93007988941483,41.48397805475903,43.26389182281506,47.24231399001556
2014/05/22,0.0,52.349998771580864,29.691125020847853,29.930826580663137,74.10929252575308,8.608675422255915,-0.3331402052048334,0.5803960504247199,12.811119335754306,23.325800002858273,29.930826580663137,36.13691933861258,40.621926724462334,43.030732435617594,47.26499343983632
2014/05/23,0.0,52.31165094664928,29.734111951988858,29.663729770900037,74.08966537746157,8.607535383456845,-0.4001734068938065,0.7557276928029464,12.649935858223053,23.522022659131245,29.663729770900037,36.1719585173543,40.72667391193382,42.925967624965345,47.041420760737275
2014/05/24,0.0,52.27623137795568,29.517009079870924,29.399606814383212,79.37784798082745,8.90942467170734,-0.3939121923011647,0.7438550532136561,13.048697709258086,23.13277046630831,29.399606814383212,36.181468175566394,41.29306310228139,43.45823382211966,47.115345706151594
2014/05/25,0.0,57.11248802324056,29.639651098103617,29.55250244084166,79.98831110917527,8.943618457267466,-0.362784956646941,0.7787470533054783,12.786092733561688,23.32884388154455,29.55250244084166,36.11493661510624,41.02387161901157,43.655859716634595,48.00321129519316
2014/05/26,0.0,53.87275684545818,29.37559303443627,29.525459128337708,80.05366987245526,8.947271644051904,-0.4111800602588874,0.7763400080512657,13.070006162613076,22.891186968456672,29.525459128337708,35.96119313106975,41.04197045512378,43.3704826189994,47.2897452730529
2014/05/27,0.0,52.712443693003294,29.32698933244795,29.208924844235995,78.94202984612502,8.88493274291511,-0.3883161367061265,0.7422620621014913,12.818468458789628,23.058060150329585,29.208924844235995,35.87652860911921,40.56174290904043,43.39869583697,47.40584462402855
2014/05/28,0.0,52.81602031894323,29.260540051989587,29.157830998678236,77.34310203177272,8.794492710314376,-0.3437167081599525,0.6630156680844763,12.70622467597562,22.95521535644521,29.157830998678236,35.66144003242083,40.82849688626398,43.40531899299387,46.72632011669943
2014/05/29,0.0,52.83252020941573,29.291436893129386,29.11987207054304,83.6722778359978,9.14725520776576,-0.3968880729749421,0.7498289700126,13.039415636917944,22.85822187123096,29.11987207054304,35.897637508148904,40.93573355311823,44.035037914392426,47.985365918457575
2014/05/30,0.0,52.27040462205767,29.19830333289762,29.15020300286756,78.82744510349983,8.8784821396171,-0.3075069188276494,0.6712694569066326,12.32959647362484,22.996174401721184,29.15020300286756,35.325770875346024,40.83403534574817,43.74452521137566,47.73972498970192
2014/05/31,0.0,52.34860521888263,28.992793052426602,28.993157820350817,81.97746738041089,9.054140896872044,-0.44844593462532956,0.84599101534396,12.834800121273979,22.71957269871583,28.993157820350817,35.55437281998981,40.520524559397984,42.94428568191816,47.00567502079555
2014/06/01,0.0,54.11113826343035,28.959787008163985,29.046349938369424,81.93191775756696,9.051625144556471,-0.4685245404313484,0.8272879991473916,12.71226560503213,22.64550580725743,29.046349938369424,35.35777141228956,40.533495903890056,42.80354344827924,47.146451925351535
2014/06/02,0.0,53.14349112200045,29.17631531883165,29.126375739447884,75.33925839999522,8.679819030371268,-0.25847860266886025,0.4173913706132222,12.724314675861123,22.827870819046296,29.126375739447884,35.55218549490742,40.428443826850234,43.0252809486053,46.88371338153323
2014/06/03,0.0,54.23719759612747,29.017029004335377,29.066838512678224,73.54626203803254,8.575911732173585,-0.33720031916634713,0.6676790325345943,12.428094626686985,22.784288201672382,29.066838512678224,35.21238282835937,39.91922942221324,42.383050968147074,46.72971436351259
2014/06/04,0.0,48.78681301792831,28.99446833809829,29.07828896710749,74.3661339646388,8.623580112959976,-0.3651670073546936,0.5435131664408281,12.696620126926952,22.68752698713044,29.07828896710749,35.38414711405739,40.06834620191414,42.42648051877613,46.55166917090667
2014/06/05,0.0,55.044261009452114,28.761735149913708,28.959611756892464,76.99446276575675,8.774648868516435,-0.34305569174045936,0.6695073697979197,12.504165751581539,22.458908954695772,28.959611756892464,34.96307470627731,40.270266037913345,42.64491652781891,46.71057328930785
2014/06/06,0.0,53.20215356584156,28.766939881665788,28.476083328389507,78.93361771429933,8.88445933719657,-0.3164991511673411,0.5643058581447695,12.841012230848811,22.545783548851496,28.476083328389507,35.38679577970031,40.08706350531636,42.75840313047939,46.7562367651992
2014/06/07,0.0,53.3265561170076,28.911398245286442,28.785825476963154,77.69780057337503,8.814635589369253,-0.2712526435176187,0.4703750648453342,13.08565735208797,22.34125114454229,28.785825476963154,35.42690849663026,40.23886443811274,42.69005217671314,47.15640737442212
2014/06/08,0.0,53.58636333058068,28.76877929699274,28.71211887657557,78.4131454982313,8.855119733703848,-0.3189493079552455,0.5416224911791137,12.99975470993773,22.243347818788305,28.71211887657557,35.243102528726034,40.026430490497965,42.840617588040516,47.07326838270502
2014/06/09,0.0,52.97230177318579,28.417355604090126,28.64004116797548,78.46531445404689,8.858064938464095,-0.44592905903434465,0.7297182979458969,12.529421838832956,22.243770157647614,28.64004116797548,34.77319199648057,39.83419443098775,41.99233997586367,45.78597362474342
2014/06/10,0.0,53.84540660220184,28.382807375061688,28.350870614418763,79.59767017238356,8.92175264017018,-0.315643952188649,0.6287785559273162,12.52775722175933,22.105311334931145,28.350870614418763,34.633068556690475,40.383441663245954,42.47310990699614,46.682612036600055
2014/06/11,0.0,53.414431483170205,28.37460477907181,28.57001981470881,79.69344698502185,8.927118627251565,-0.420098337976336,0.6161332205690209,12.978228794055703,22.17721678167735,28.57001981470881,35.155445575733054,39.6749577763365,42.06792393886663,45.773526587452736
2014/06/12,0.0,55.10847161145544,28.363953887490105,28.48416634823148,80.91292319487243,8.995161098883802,-0.42835423823116464,0.7777580844337266,12.660050972902805,22.120007473927775,28.48416634823148,34.78005844683058,39.56085398558688,42.17882152215362,46.626479890724575
2014/06/13,0.0,52.351015720467146,28.043046918710793,28.04145186995489,81.8529117342307,9.047259901994122,-0.4944933515307815,0.7697126383352453,13.214474286381563,21.673005910308408,28.04145186995489,34.88748019668997,39.3779022358553,41.705340860452125,46.02419380802967
2014/06/14,0.0,52.19696674028409,28.323995382097795,28.153412302853702,80.27086257571914,8.959400793340988,-0.3317990482686461,0.5896751107204596,13.048865350352543,21.78464337360097,28.153412302853702,34.833508723953514,39.69411031880297,42.356161660433635,46.85165816899353
2014/06/15,0.0,52.89083444716813,28.280522430137662,27.88553815291617,77.28579004122285,8.791233704163645,-0.27329300373645793,0.4679331055017495,12.444478606479155,22.116554448913487,27.88553815291617,34.56103305539264,39.43739219803253,42.4579386711922,46.327296514611014
2014/06/16,0.0,51.36174218972805,28.135438518818543,28.00666864269796,76.4971836462204,8.746266840556627,-0.3294245384853078,0.4736608172829606,13.110155352977422,21.697446359514323,28.00666864269796,34.807601712491746,39.31820519974908,41.75733839289609,45.3894511759704
2014/06/17,0.0,51.954722369595466,28.04469252629903,28.24592135129465,75.4847863111439,8.688198104966524,-0.26069527351692734,0.4269166737637242,12.634588639801976,21.601250290360134,28.24592135129465,34.23583893016211,39.295095296143835,41.64279681346922,46.48229497827195
2014/06/18,0.0,51.9396928005623,27.93225004481808,27.834949836009525,81.51307628324449,9.02845924193295,-0.3911440167119692,0.5081062217780139,12.893850127109424,21.502238017214346,27.834949836009525,34.39608814432377,39.606964781717664,41.888532073066685,45.97897519703229
2014/06/19,0.0,50.5257947672913,27.868049402974677,27.822708827373354,76.9883366568227,8.774299781567912,-0.32774949719096813,0.4863229837490963,12.921615377713294,21.415371066145852,27.822708827373354,34.336986443859146,39.05672780657432,41.92134158909187,45.32567788421759
2014/06/20,0.0,49.89755735604626,28.010709788309768,27.861966687369694,76.93266744386857,8.771126919835819,-0.2923772284160255,0.4828922453624087,12.759104697698149,21.600168319356086,27.861966687369694,34.359273017054235,39.48896390952061,42.17553914068168,46.14240741400782
2014/06/21,0.0,50.188921637906056,27.62963662378284,27.475269346872857,78.33791813023267,8.850871037939298,-0.3352063085641405,0.48940738131855355,12.590115341684054,21.482567643638852,27.475269346872857,34.072682985322906,38.77292736163566,41.654678763369034,45.745092370515394
2014/06/22,0.0,50.43220019852676,27.80913769589152,27.75410794452268,78.7187491845759,8.872358715954618,-0.28762856720880325,0.42410519615482034,12.920365091416617,21.443088996466198,27.75410794452268,34.363454087882815,39.27408406378267,41.7471232610576,46.48618191238981
2014/06/23,0.0,50.899881611734784,27.52000459179745,27.53242839940565,81.08987388080071,9.004991609146602,-0.39050506101796895,0.5773130662084642,12.782146839515686,21.17453180714752,27.53242839940565,33.95667864666321,39.051512051336594,41.68816297478534,45.798763040983005
2014/06/24,0.0,49.969847808890414,27.557246707170243,27.580626578462514,76.82947092064545,8.765242205475298,-0.3778968629273596,0.45945263804827574,12.767876852391456,21.33413127736461,27.580626578462514,34.102008129756065,38.55120626016776,40.92915229526929,45.24074977428762
2014/06/25,0.0,52.20277828742044,27.60559943399942,27.55803930011937,77.78937472836776,8.81982849767317,-0.2690286252880275,0.40410086870812334,12.503065928282371,21.347403147465688,27.55803930011937,33.85046907574806,39.165634449794126,41.950897742522336,45.817197015334976
2014/06/26,0.0,50.772462900030256,27.216161170659223,27.438792862537994,79.52744973417263,8.91781642186991,-0.36169493845510575,0.5390563917751057,12.469200563494066,20.917002406451036,27.438792862537994,33.3862029699451,39.09252918026898,41.552070964354925,44.90305579233942
2014/06/27,0.0,50.5459745073493,27.49832145287594,27.266053700431574,76.74472561953746,8.760406704002815,-0.2550778738885469,0.3589941104506127,12.583866421517861,21.152991449089193,27.266053700431574,33.736857870607054,38.88031042580697,41.28452889622429,46.1286516645343
2014/06/28,0.0,50.87872035085522,27.3010913295505,27.065157651887603,75.5705906643281,8.69313468573495,-0.2681255048093615,0.38550747413413555,12.574803984557558,20.97108206252449,27.065157651887603,33.54588604708205,38.844388987418505,41.197514902343116,44.865015376220626
2014/06/29,0.0,50.418299008464736,27.113386636099857,27.421250899987783,77.3850738010436,8.7968786396678,-0.3900217878265743,0.4594353004012892,12.739135969181842,20.80243417110285,27.421250899987783,33.54157014028469,38.073819015972504,40.66242939812553,44.33586999187735
2014/06/30,0.0,48.980780475575074,27.063588754569686,26.86436628038253,74.70505968907756,8.643208876862664,-0.3227191006653444,0.3770333332807563,12.548092491640261,20.968346750640286,26.86436628038253,33.51643924228055,38.28745418128248,40.33266382125188,44.50917568217604
2014/07/01,0.0,50.723909902590925,27.14770034640081,27.231380894916835,74.58545765826452,8.636287261217317,-0.3018806082914607,0.3490841799371367,12.967117843440327,20.729958714862725,27.231380894916835,33.69707655830305,38.186752259343095,40.57119122445982,44.37631809267612
2014/07/02,0.0,51.95170031499752,26.689296615279385,26.702451363292084,80.36776519730465,8.964807036255976,-0.41221576345181055,0.47455107388467344,13.113576844073265,20.28617481935119,26.702451363292084,33.39975166342445,37.913005548149904,40.45549755143965,44.75371874568147
2014/07/03,0.0,51.27538278521827,27.024993254937073,26.922498761411436,77.47866200484482,8.802196430712327,-0.2672360270427279,0.29420869787686943,12.976676354872282,20.685922693334327,26.922498761411436,33.66259904820661,38.37572844102601,40.721133368271104,45.35642508152037
2014/07/04,0.0,50.41153518370927,26.959234973652496,26.729824087609785,78.68999087684604,8.870737899230596,-0.29894180324566827,0.2600007735593568,13.290948307073887,20.386959067465963,26.729824087609785,33.67790737453985,38.56823878364793,40.659308076582306,44.382099244409275
2014/07/05,0.0,48.64453387602916,26.77318786736645,26.622232292397843,79.64103367484361,8.9241825213766,-0.2840212537552542,0.3240393180444956,13.065371698965777,20.3614598431667,26.622232292397843,33.426831542132476,38.19267438618623,40.999290806525806,45.11834151378058
2014/07/06,0.0,48.00195197764749,26.424867394565013,26.443736276283992,79.41413173758126,8.911460696068925,-0.40652762655192487,0.34685277270733383,13.252887618314254,19.9426168932797,26.443736276283992,33.19550451159395,37.785480909864305,40.0179717492006,43.45942508786193
2014/07/07,0.0,49.8862969501842,26.91410698527437,26.751465340214455,80.03216411153504,8.94606975780622,-0.3133685688183297,0.22610378416984522,13.177073664501748,20.38908586550832,26.751465340214455,33.56615953001007,38.3846480726289,40.86684086726578,44.671730911610204
2014/07/08,0.0,48.35396810212612,26.568129152060227,26.59067641891204,78.46939665544092,8.858295358331699,-0.32995548849819517,0.3680578418014453,12.69590188368344,20.093324291101197,26.59067641891204,32.78922617478464,37.80150101643739,40.621402122582495,44.92844069165392
2014/07/09,0.0,54.35220653633985,26.552694669898486,26.802078572268933,78.14179211943546,8.839784619516216,-0.2900145415990315,0.3785997420242708,12.859824072703368,20.08926546400224,26.802078572268933,32.94908953670561,37.56768267198331,40.36358752765037,45.16146546640765
2014/07/10,0.0,49.50398351827606,26.597773694807792,26.47603894776414,80.04849497037152,8.946982450545631,-0.25229580729039797,0.22415130408069706,12.743518514736984,20.116941859591776,26.47603894776414,32.86046037432876,38.32924606172553,40.991464879327516,44.88318303295708
2014/07/11,0.0,50.74745017031389,26.449743661004526,26.329946373376004,75.10800862923098,8.666487675479091,-0.2073513644000285,0.2486946162818766,12.257501955592481,20.161315148249493,26.329946373376004,32.418817103841974,38.08619386112007,40.48940127976607,44.146200499429156
2014/07/12,0.0,49.35696197969156,26.355711824269545,26.410859038458877,75.3585420339537,8.68092979086651,-0.25143641999840777,0.217871338918461,12.31266807171103,20.14315743993454,26.410859038458877,32.45582551164557,37.73901330323454,40.13038631207498,44.20138299617327
2014/07/13,0.0,49.70619027507193,26.158122951602085,25.926234562078946,76.95417432793619,8.772352838773426,-0.20841933408226548,0.2023322122797433,12.701188404494804,19.92747581752489,25.926234562078946,32.628664222019694,37.366481776919265,40.487659408074485,44.247627045373406
2014/07/14,0.0,50.070892049905424,26.15118711318224,26.200326976326487,76.84633694806917,8.76620424973484,-0.3206727678352184,0.2686323648184965,12.958362559951233,19.626355268471308,26.200326976326487,32.58471782842254,37.220276353848334,39.90577555960928,43.7477937417403
2014/07/15,0.0,49.45724750235215,26.076167601545137,26.109814416151732,72.44142968689336,8.511253120833228,-0.26409741915842183,0.2243287107914056,12.949910149867929,19.618587970022237,26.109814416151732,32.568498119890165,37.27253380733995,39.68915586362904,43.351989213259756
2014/07/16,0.0,50.39650035830709,26.00713480539395,25.759320799393386,77.22375083287412,8.787704525806163,-0.25778491469814213,0.2778112946617801,12.860693399524617,19.648986681463274,25.759320799393386,32.50968008098789,37.41388524375111,39.75080900435297,44.19727480150228
2014/07/17,0.0,49.9292309763142,26.029562000830023,25.74328670813575,75.96736793935705,8.715926109103785,-0.16122548954036933,0.15549347183819462,12.471665428325775,19.76113766999408,25.74328670813575,32.232803098319856,37.440130913106245,40.393651648827664,44.075863698652626
2014/07/18,0.0,49.75154067226287,26.01499624395151,25.970699181901377,77.11751068023297,8.781657627135834,-0.24056883437067847,0.06886323860531673,12.858776856789216,19.648075587106323,25.970699181901377,32.50685244389554,37.35506206929821,39.998615455402785,43.31441429201234
2014/07/19,0.0,46.05143686220413,25.924382770180333,25.87289818496036,74.84895754569729,8.651529202730423,-0.2771536703190666,0.14968997887758384,12.786469032603044,19.63213354110094,25.87289818496036,32.418602573703986,37.42936597764346,39.72633585410402,43.2556570313588
2014/07/20,0.0,48.94907109541389,25.998500706448077,26.0768801644625,73.77801086713474,8.589412719571387,-0.2609473415577503,0.06824594207982626,12.720622793917528,19.5047394565103,26.0768801644625,32.22536225042783,37.254504098478314,39.43124599337803,43.277771401321964
2014/07/21,0.0,51.48924420974277,25.58893953900204,25.496602391520213,78.29623606628189,8.848516037521879,-0.2855811482535173,0.20448702860136114,13.132226195628483,19.06383318588903,25.496602391520213,32.196059381517514,37.01330615697654,39.58538127607233,43.557241676953794
2014/07/22,0.0,46.82462730869479,25.507155231316577,25.49894444198724,77.38029701693978,8.79660713098748,-0.2724578671335358,0.1946117101907543,13.026913547904261,19.105152802614608,25.49894444198724,32.13206635051887,36.881074628541896,39.22194661081513,43.66697695757346
2014/07/23,0.0,47.42225243378813,25.42871939566911,25.318841214942463,76.11831298637189,8.724580963368492,-0.23188283919896008,0.1914884167026063,12.666331596823024,19.26700124445868,25.318841214942463,31.933332841281704,36.714426967966055,39.53820186781396,43.767290496763344
2014/07/24,0.0,49.69251667958724,25.374494964335558,25.534556100830123,76.17590976240793,8.727881172564617,-0.2851441783697611,0.20032293941595425,12.60160633338645,19.19865878543364,25.534556100830123,31.80026511882009,36.67924689087177,38.86720388694856,43.76293337245398
2014/07/25,0.0,46.640503663469325,25.52252485562869,25.36105138573719,73.11667758691617,8.550829058454868,-0.2518309915692844,0.10797500543553173,12.398926881594754,19.439232479274086,25.36105138573719,31.83815936086884,36.731422125029,39.02716119992687,42.44455654895931
2014/07/26,0.0,48.10695797774076,25.30383469128524,25.07616836411936,76.3517260870437,8.737947475640015,-0.1831665134759539,0.13003747162881663,12.807371407308061,18.91102531884635,25.07616836411936,31.71839672615441,36.779723667334075,39.19408906610505,44.710178061707275
2014/07/27,0.0,46.99125850514654,25.375469755829535,25.163837259049235,74.86291032477091,8.652335541619436,-0.24135930529217503,0.0487257708059623,13.014420916031064,19.011506971869046,25.163837259049235,32.02592788790011,36.633379097670755,38.94112910418187,42.925575050678525
2014/07/28,0.0,45.76055963926317,25.04661091580875,25.127702826315684,76.48415739677048,8.745522134027818,-0.3120151020194028,0.13029752553354923,12.75396655386417,18.73600892065812,25.127702826315684,31.48997547452229,36.39297661822471,38.889783769924385,42.0765967851724
2014/07/29,0.0,47.24968088894817,25.08211958063594,25.296618949207954,76.1399568585699,8.725821271294176,-0.24919347156415025,0.09208770613696915,13.08784070953389,18.569481899264787,25.296618949207954,31.657322608798676,36.23690634025904,38.900853361201236,42.695130070759554
2014/07/30,0.0,51.22568554441891,25.165088753902033,25.099087189518823,77.1768957314645,8.785038174730062,-0.18509806634398604,0.055424444737325995,13.065291986498014,18.608000258325703,25.099087189518823,31.673292244823717,36.54090843214081,38.78110951374263,43.699262064623944
2014/07/31,0.0,47.13507710223141,25.176896056911197,25.34293053258788,74.09876209298442,8.608063783045779,-0.24022528950427144,0.09090494165485641,12.875513318001197,18.613359851717025,25.34293053258788,31.48887316971822,35.89602042982037,38.789847105999186,43.150750062166495
2014/08/01,0.0,50.47025109072236,24.998672689487243,24.86691378623509,76.38198513671288,8.739678777661847,-0.2267592802539445,0.05193749612764753,13.111373180926737,18.592581594083057,24.86691378623509,31.703954775009795,36.1283360293077,39.019929769896216,42.28672270440827
2014/08/02,0.0,50.0150608525438,24.804077227666124,24.763108337451765,76.0827903361429,8.72254494606608,-0.19427975288677718,0.1612672055184734,12.271357192035115,18.54932726629257,24.763108337451765,30.820684458327683,36.10298703212883,38.98848355880416,43.02035290588802
2014/08/03,0.0,50.95536820579586,24.831888258767144,24.963215214484144,78.23706191906649,8.845171672673544,-0.22741466567087978,0.11173652953990043,13.067004443621645,18.28667941316675,24.963215214484144,31.353683856788393,36.064676056615504,38.45215353676779,43.08714542957377
2014/08/04,0.0,45.95384980799288,24.60761459195223,24.631778483542703,76.03485021053122,8.71979645465026,-0.288800010809059,0.060041558091022296,12.776464366125591,18.40532245702648,24.631778483542703,31.18178682315207,35.93006911052692,38.10717376445668,41.71890829496542
2014/08/05,0.0,48.80192950081913,24.86385776345947,24.69396418360111,75.83900539239863,8.708559317843488,-0.2240191468986816,0.12847979943761656,12.800552387174267,18.4850172027482,24.69396418360111,31.285569589922467,35.90927932899324,38.806171473692714,42.718957985109036
2014/08/06,0.0,48.60406481539762,24.638076648351085,24.609058019476294,75.29986686619587,8.677549588806501,-0.20509841336877854,0.06855521321481817,12.811940359923522,18.21101405768625,24.609058019476294,31.02295441760977,35.92728842918028,38.71567786073321,42.583616376984956
2014/08/07,0.0,49.16939016679321,24.56591812231508,24.36815357409375,77.69256393381079,8.814338542046748,-0.2105845118862015,0.0768975251722317,12.746078518370613,18.148790654192545,24.36815357409375,30.89486917256316,35.99132685997405,38.557028673937324,42.879171777608725
2014/08/08,0.0,45.5956381631763,24.431942423238045,24.663339002405788,74.11672154918554,8.609106896141176,-0.22163389093230842,0.07939768968445549,12.51130516952258,18.164044736809533,24.663339002405788,30.675349906332112,35.26279147556392,38.36422433563298,42.497714465655456
2014/08/09,0.0,49.86387284870531,24.667733461493942,24.45442886165199,78.65946071492864,8.869016896755166,-0.18384341467780455,-0.03858607478826448,13.242477527479778,18.120504623602876,24.45442886165199,31.362982151082655,36.11132638181642,38.75109950898409,42.6101872604189
2014/08/10,0.0,50.83948136969983,24.563530089666582,24.51903493393978,74.88120121878892,8.653392468782917,-0.15157936729673646,-0.01687531227129435,12.702283893023441,18.22282105880617,24.51903493393978,30.92510495182961,35.91215670187796,38.47032198495416,42.4448941400317
2014/08/11,0.0,50.96177039276586,24.539291680957803,24.488480663135356,76.3919998209106,8.740251702377375,-0.11193958035710436,0.056247765373143466,12.8010559588378,18.102638912631583,24.488480663135356,30.903694871469384,36.08422896340401,38.56381037659186,43.12893989712366
2014/08/12,0.0,48.229299532902765,24.40183581373268,24.561256150226214,77.6990442657309,8.814706136096138,-0.24161661574366525,-0.04252253971900943,13.211637587210667,17.992641087442262,24.561256150226214,31.20427867465293,35.68387261223699,38.2335655068921,42.41513801762594
2014/08/13,0.0,46.581404267798334,24.40042073396002,24.31540937237742,74.26363578820276,8.61763516216617,-0.16935002628160614,-0.029265620093952727,13.007884227527938,17.969046478783703,24.31540937237742,30.97693070631164,35.444184791574344,38.16002302897401,42.76213705106117
2014/08/14,0.0,46.17423768356606,24.273805003522437,24.198247792051546,71.06323320162778,8.429901138306889,-0.16408647551817807,-0.10678716582857595,12.516854922369589,17.94782607976456,24.198247792051546,30.46468100213415,35.25789948209437,37.7345685736378,41.50277150600424
2014/08/15,0.0,46.27484245202133,24.233555119214152,24.166287580263095,76.84398027776068,8.766069830760001,-0.24300677411975857,-0.09911172333046414,13.065584559432715,17.726548156191498,24.166287580263095,30.792132715624213,35.9938536121047,38.4016232424835,41.095809280378695
2014/08/16,0.0,51.75651829442278,24.37290487309358,24.448490102882342,75.20213390196137,8.671916391545837,-0.11405739800339791,0.027403395062363334,12.421678715964624,18.09960026566511,24.448490102882342,30.521278981629735,35.636376094629966,38.03822193264014,43.67483006822448
2014/08/17,0.0,46.67874519593004,24.128130164774383,23.91725514117748,77.81014712455796,8.82100601544733,-0.1371832034270299,-0.02690554434423742,13.063162390636023,17.764949783461166,23.91725514117748,30.82811217409719,35.81184442919515,38.336704267002936,42.920995924448086
2014/08/18,0.0,49.12886117800711,24.143357157755755,24.149484955627432,77.64088343896393,8.811406439324196,-0.18872649987073853,-0.06346663281601028,13.117161829508646,17.4915134298125,24.149484955627432,30.608675259321146,35.593946790271474,38.00809693711985,42.30529280950201
2014/08/19,0.0,47.29508948591515,24.027770893300154,23.726442067411156,75.63886692257427,8.697060820908076,-0.18386282592859768,-0.04374782599091498,12.873460500919233,17.644998465825743,23.726442067411156,30.518458966744976,35.25583771566775,37.61027622178165,42.274829046270725
2014/08/20,0.0,52.52274496269909,23.75933033383542,23.93223218054875,79.63675302299885,8.923942683758051,-0.24755431154332772,0.04028410545223382,12.807529752797723,17.450985288943667,23.93223218054875,30.25851504174139,35.107115826724964,37.9516738239924,41.612647535489074
2014/08/21,0.0,46.016277441709214,23.896669132534726,23.8461416996575,77.51141085777962,8.804056500146942,-0.15031915524841832,-0.08634828184488441,13.117721195870509,17.310658122115527,23.8461416996575,30.428379317986035,35.48591408151984,38.16359693168727,42.12639906266205
2014/08/22,0.0,46.07679988262716,24.120638893262704,24.25763635939684,72.9754650219842,8.542567823668959,-0.14495041920456725,-0.16077194109987358,12.559515445614487,17.57092861948386,24.25763635939684,30.130444065098345,35.383726517979945,38.03011267965309,41.491592496871114
2014/08/23,0.0,46.785222060637125,23.878810358636034,23.6512659908412,77.87823433294182,8.824864550401996,-0.1732068353976085,-0.17741319607285355,13.255661176313819,17.242675359571113,23.6512659908412,30.49833653588493,35.287054510044676,38.26760398196425,41.99066590013091
2014/08/24,0.0,50.14923834961775,23.809846426085326,23.73498708922948,70.95710013121206,8.42360374965561,-0.11591428905099158,-0.06790352741323336,12.6946180580488,17.395772341489522,23.73498708922948,30.09039039953832,34.57350419669309,37.040898624556554,41.96208101461829
2014/08/25,0.0,50.6645551402226,23.655228006558396,23.648993774997326,74.43570529841146,8.627612954833536,-0.20635005667919856,0.0754122905457848,12.394150365074115,17.45521918320096,23.648993774997326,29.849369548275074,34.94316614698333,37.43956411982649,41.70051222157962
2014/08/26,0.0,46.86242700154598,23.741751924897464,23.845159231968687,77.6900184079624,8.81419414399084,-0.2497495363299995,-0.025983236569247836,12.735958220223427,17.36594903691257,23.845159231968687,30.101907257136,35.31030267485528,37.854964855618334,41.03711572238641
2014/08/27,0.0,44.351651477929664,23.626554591956197,23.682344200859948,76.45116183876735,8.743635504683812,-0.23136608841884418,-0.1552401169033839,13.020963848380127,17.104982621171914,23.682344200859948,30.12594646955204,35.026744022457116,37.365330474503985,40.978842225806225
2014/08/28,0.0,46.32326501997712,23.561250745842734,23.332445353010954,73.89071089689453,8.595970619824996,-0.19522932472878715,-0.11086730218574603,12.901036734632637,17.214976690154497,23.332445353010954,30.116013424787134,34.60172424875825,37.269876316084385,40.918977706806174
2014/08/29,0.0,47.96637303990956,23.54833784473637,23.54876770394616,73.82551935074589,8.592177800228875,-0.17495396671366237,-0.045805539386243765,12.534881588161731,17.27139201166009,23.54876770394616,29.80627359982182,34.69091733461425,37.24660274157548,41.06025083481871
2014/08/30,0.0,47.14433292069006,23.60938641616393,23.524206326049352,75.84052360926896,8.708646485491816,-0.17058857829678548,-0.10338369247566215,12.790333699434552,17.12341883534931,23.524206326049352,29.91375253478386,34.91763774715589,37.5812459201887,41.53729909452645
2014/08/31,0.0,45.99161360897944,23.705617316575584,23.59375827728961,75.69582909198465,8.700334998836807,-0.12177090658519689,-0.2721643801398037,12.941815256876328,17.163565871903884,23.59375827728961,30.105381128780213,35.55045744412714,37.71194818385976,41.13212987206297
2014/09/01,0.0,45.9791096784132,23.438721771506145,23.41039244210555,73.79139200844985,8.590191616515305,-0.21668781632005427,-0.09636837959569178,12.554060298194099,17.133313852185232,23.41039244210555,29.68737415037933,34.76907961689795,36.82742063022031,40.533958743799296
2014/09/02,0.0,48.62756968307505,23.575657922659676,23.388750154318554,76.21142423209523,8.72991547680132,-0.1384224002615145,-0.10838399771606033,12.885201748668997,17.069252864194326,23.388750154318554,29.954454612863323,35.05066549788369,37.774477405282795,41.40967853136243
2014/09/03,0.0,46.2068189855638,23.366868193229163,23.21148874977687,72.42678899640948,8.510392998940148,-0.16141450446501165,-0.12624086321562578,12.477144277621317,17.1467523785411,23.21148874977687,29.623896656162415,34.655960941140194,37.140522172646854,40.77935612098845
2014/09/04,0.0,50.662302603137455,23.520079548210102,23.316851699360782,73.60022146208381,8.579057142954802,-0.1263792031230756,-0.11789114090457842,12.816953134855975,17.156147708832616,23.316851699360782,29.97310084368859,34.35464806178399,37.21170145906912,41.134016421300764
2014/09/05,0.0,45.19877916808147,23.192321694369692,22.99423855138724,73.69228097614563,8.584420829394702,-0.15278728323614046,-0.07531572060720215,12.431724138121396,16.952397847024514,22.99423855138724,29.38412198514591,34.604596848372445,37.01618805625625,41.18422147974896
2014/09/06,0.0,47.24561061563104,23.35186752186259,23.24023867460809,73.27036277650633,8.559810907754116,-0.1177568763707248,-0.16007211245972464,12.687001382412578,17.065900805438506,23.24023867460809,29.752902187851085,34.66147312551542,36.778462869030875,41.24876421812997
2014/09/07,0.0,44.67736778010497,23.33500800830211,23.491313988158666,73.42398437622252,8.568779631675827,-0.1390562617072127,-0.1712983726956958,12.571104464850606,17.05029702827089,23.491313988158666,29.621401493121496,34.68401963776809,37.08071340528626,41.4466323029773
2014/09/08,0.0,47.71671201312603,23.234953562700113,22.89819272357449,80.9732112633632,8.998511613781648,-0.16613419616083838,-0.09650850661987942,12.903223987954895,16.83995536327133,22.89819272357449,29.743179351226225,35.11300143479514,37.58106053441875,41.89626027098766
2014/09/09,0.0,48.42208526455702,23.43123895023051,23.317975371674578,78.20909479104223,8.84359060512427,-0.1052544732915992,-0.10434694007894496,13.078908168980096,16.909758843788662,23.317975371674578,29.988667012768758,34.655451821396916,37.36915504011002,43.16182893803302
2014/09/10,0.0,45.83164725658116,23.245017259911958,23.062866545008955,76.15563446940507,8.726719570915813,-0.1541196965380261,-0.08790908318309754,12.618112521868891,17.03386523899648,23.062866545008955,29.65197776086537,34.482825172696224,36.892182108430234,42.28393106333297
2014/09/11,0.0,49.60343554788397,23.173079446992396,22.887881806271043,74.42618383618009,8.62706113553046,-0.08280556938379648,-0.10284743564611576,12.621525766206652,16.765853251812082,22.887881806271043,29.387379018018734,34.583643479687424,37.3493699030833,40.937802735561085
2014/09/12,0.0,46.54005018677703,23.35952742751472,23.053262293932367,74.26839442481425,8.617911256494478,-0.10487322782826641,-0.2307984432943262,12.988048896933027,16.921240759900375,23.053262293932367,29.9092896568334,34.88136065613897,37.180066489591404,41.28642237054738
2014/09/13,0.0,45.89490199606726,23.16373822524835,23.0700215292858,73.63099745213603,8.580850625208205,-0.08977181521392319,-0.1798120695883343,12.468580965487408,16.864957103561938,23.0700215292858,29.333538069049347,34.68833894621623,37.11405479690366,41.35725233780191
2014/09/14,0.0,44.43169738107557,23.159313135673365,22.71520672869444,75.20599636020616,8.67213908791863,-0.1283592296343521,-0.1880580297893828,12.861494801272709,16.68081739206833,22.71520672869444,29.54231219334104,34.672736974285016,37.470363735913914,40.7187187840132
2014/09/15,0.0,47.44838796285008,23.0654839590108,23.28199005464791,74.8140403670923,8.649510990055582,-0.193987243969085,-0.08582400910716448,12.633915947693879,16.8593319017512,23.28199005464791,29.49324784944508,34.226985099719585,36.60902466707708,40.873166166865616
2014/09/16,0.0,51.48201106189059,23.123035327214946,22.91802661997557,77.6075266922944,8.809513419723839,-0.15274022727521963,-0.11974633937589374,12.965436075302666,16.621583367931134,22.91802661997557,29.5870194432338,34.51862476489933,36.97328701942688,41.59036359980045
2014/09/17,0.0,45.667295994278646,23.28498629383887,23.36086195443151,72.4383144437095,8.5110701115494,-0.08280203321672842,-0.2554909568782575,12.414806237622784,16.882034847738275,23.36086195443151,29.29684108536106,34.63881886713193,37.1114253586587,40.8993498107458
2014/09/18,0.0,48.845933677201245,23.11122513423174,23.118810765580157,78.46590422395855,8.858098228398607,-0.13417068381624814,-0.1255566408709634,12.757892150786187,16.569463253209097,23.118810765580157,29.327355403995284,34.87485190363243,37.41801971551111,41.52620917707037
2014/09/19,0.0,44.60345823140787,23.09649975170412,22.920901672526853,74.68511773276576,8.642055179919055,-0.145542014996619,-0.22400785508410026,13.009464289953588,16.523017384114276,22.920901672526853,29.532481674067864,34.53630902595794,36.89371232982314,40.792808683386916
2014/09/20,0.0,46.75832271157911,22.94960705535641,22.73655634243262,73.98050353609362,8.601191983445878,-0.14028813047126334,-0.19020249000118739,13.08733913342046,16.621022743048293,22.73655634243262,29.708361876468754,34.231399733032696,36.42642301592653,40.154922848609516
2014/09/21,0.0,45.04440998342732,22.958645006774713,22.94212362700177,77.62181689435279,8.81032444886979,-0.16996045896618858,-0.06600597023403054,12.502848949004179,16.764078248072988,22.94212362700177,29.266927197077166,34.51105490321009,36.92121766075403,41.41913311383846
2014/09/22,0.0,44.73497153600074,22.98302893780021,22.991717885678966,71.95087087240321,8.482385918620022,-0.13081619660842206,-0.15301393202568336,12.142374070866374,16.96836696153514,22.991717885678966,29.110741032401513,34.138881952912215,37.00016689391007,40.52071845384569
2014/09/23,0.0,44.24782161351409,22.97336710003009,23.118742549265843,77.17480927955722,8.784919423623487,-0.2298143026101108,-0.1467977004190959,12.598039710292287,16.69650222324979,23.118742549265843,29.294541933542078,34.47472681584166,37.003666585448144,40.62303036254917
2014/09/24,0.0,45.26703321233533,22.944721620443968,23.045733477595952,71.95338281541555,8.482533985514916,-0.16439469828821388,-0.11641811461307627,12.554223546215812,16.608324940875157,23.045733477595952,29.16254848709097,33.953712451895335,36.255767434935684,41.076686322651156
2014/09/25,0.0,47.51131752728104,22.999987340110273,23.09782598249126,77.37951781707845,8.796562841080512,-0.16703243343172086,-0.16402802228206292,13.042946032777465,16.565071800291946,23.09782598249126,29.60801783306941,34.32957856383806,37.40120715884053,40.85707757747916
2014/09/26,0.0,47.269549684364335,23.031663389505333,22.969246750531276,75.57943106046024,8.69364314085069,-0.13060426586392393,-0.20473155059712989,13.05705907000091,16.459066256065064,22.969246750531276,29.516125326065975,34.142399856443674,37.15341915328603,41.068679464594666
2014/09/27,0.0,47.27637463142639,23.118240265422315,23.000006374055904,74.51492028708473,8.632202516570423,-0.048453756501079984,-0.16404483589634955,12.725653179110644,16.596845721739296,23.000006374055904,29.32249890084994,34.54913866717769,37.07320086520701,41.94329696480296
2014/09/28,0.0,46.86571612263698,22.887285620844725,22.99257157194452,78.35494776575051,8.851833017276732,-0.2010382832528989,-0.17215033938861035,13.00456431592185,16.472463419246658,22.99257157194452,29.47702773516851,34.078966694278215,36.59592601979941,40.92938479883862
2014/09/29,0.0,49.85895186263576,23.05612422173149,23.02095262749133,75.05090660740039,8.663192633631114,-0.12014118832673171,-0.1275332449389981,12.976787946621386,16.567375930369458,23.02095262749133,29.544163876990844,34.232970072722395,36.79705483543611,41.543192916455844
2014/09/30,0.0,46.03292542160273,23.04688681410731,22.934409715974148,77.08528909732507,8.779822839745975,-0.15475214026887438,-0.21143642880960067,13.139574339675168,16.53581435524331,22.934409715974148,29.675388694918478,34.11288846380992,36.86433914375379,41.29942583325075
2014/10/01,0.0,46.49407662101857,22.976339670564062,23.050327332608916,74.08253138848156,8.607120969783193,-0.06748260771455283,-0.17469112667979037,12.45187331846774,16.485064887444455,23.050327332608916,28.936938205912195,34.628714870327734,37.210642868920324,41.591647629474565
2014/10/02,0.0,45.557391917553645,22.929396643660873,23.077993322627275,74.6748104330574,8.641458813942089,-0.22104817900638732,-0.17296535226505094,12.98771263908582,16.491378539245325,23.077993322627275,29.479091178331146,34.083411754174016,36.641595148017515,40.510282668461365
2014/10/03,0.0,46.075365163654666,23.036246999734406,22.77973368541396,72.75194318187202,8.52947496519405,-0.1292933730767162,-0.24345362069681764,12.672006955080075,16.77343184755935,22.77973368541396,29.445438802639426,34.17598037789455,36.73255450551919,40.653999496689465
2014/10/04,0.0,46.59922253910401,22.888480209093252,22.764172341297673,74.50995719389911,8.631915036299832,-0.12697269462784344,-0.06639119923033343,12.584354543020009,16.431820190662947,22.764172341297673,29.016174733682956,33.767186769979844,36.67911063650709,41.7305766555121
2014/10/05,0.0,47.10229213989835,22.973246218497568,23.008187254595533,71.53375104205821,8.45776276813545,-0.14017807117600875,-0.17108707173747906,12.331269140328011,16.743655611358477,23.008187254595533,29.07492475168649,34.11290909910551,36.40156495183252,40.70001039873104
2014/10/06,0.0,47.295607947836594,22.989878553377142,22.726513650790235,74.29892850949211,8.61968262231807,-0.11077686072175538,-0.20129829386072418,13.000159062735158,16.50875456334081,22.726513650790235,29.508913626075966,34.506407585734664,36.79291659903784,40.8949361402692
2014/10/07,0.0,50.38071951439022,22.94139549338087,22.98800326365205,73.50931223130983,8.573757182898863,-0.17505526461510265,-0.11487076911486316,12.520539120805402,16.59574862658046,22.98800326365205,29.11628774738586,34.22299261406297,36.464193454993385,40.37788628977551
2014/10/08,0.0,49.83879591083502,23.140599702814594,22.834200124885527,74.09985287726455,8.608127141095474,-0.07418657991294367,-0.22503476552583068,12.504213907387228,16.814920338734904,22.834200124885527,29.319134246122132,34.49492378160834,36.95750685779825,41.009560506109636
2014/10/09,0.0,46.22049628333882,22.908138001769046,22.81039549646449,76.51607827245388,8.747346927637768,-0.14416999729767493,-0.17207530300881668,12.904010235787485,16.48839025137249,22.81039549646449,29.392400487159975,34.493372878998315,36.65442137174084,41.01222609709118
2014/10/10,0.0,46.203108759882895,23.070473762725577,22.561033459239827,77.50171119615864,8.803505619703929,-0.08876973073900529,-0.13114748291747214,12.767359595802617,16.79353458585943,22.561033459239827,29.560894181662047,34.49473796381222,37.46877986742089,41.93132824683492
2014/10/11,0.0,47.532301760756695,23.1565810059179,23.07179088709789,79.09377595503139,8.893468162366771,-0.1454757492103929,-0.20609518620096168,13.047346997234822,16.60209894340818,23.07179088709789,29.649445940643,34.94640597763929,37.48168251096219,41.76898982445186
2014/10/12,0.0,49.21193067999567,22.80906611016024,22.98973321055333,76.12159299229157,8.724768936326713,-0.19847496128136172,-0.13292200409433885,12.690968018627405,16.54464124294546,22.98973321055333,29.235609261572865,34.09464768093513,36.56659923590885,40.702917661407476
2014/10/13,0.0,45.40723576529468,22.844222985625848,22.776071471165523,75.57487656901645,8.693381193127129,-0.19901828235079724,-0.1340134463508078,12.574155586399463,16.587263975081136,22.776071471165523,29.1614195614806,34.45875062445816,36.725058013204176,40.2138816647939
2014/10/14,0.0,45.01579385796591,23.10925104077099,22.96934822628982,75.13653609336714,8.668133368457545,-0.14411089508992597,-0.138539011446575,12.935091597847816,16.602041082408896,22.96934822628982,29.53713268025671,34.55379515191261,37.2470823012153,40.92057164217574
2014/10/15,0.0,50.84102324114362,23.206598843597657,23.1995961960697,75.94354985690309,8.714559647905515,-0.09605249055152368,-0.09966965699442909,12.801386107164966,16.88995315578037,23.1995961960697,29.691339262945334,34.5099534075825,37.32052956843289,41.815211875323726
2014/10/16,0.0,44.76243923200576,22.901267124091152,22.856040803921488,76.07434621775164,8.722060892802322,-0.20690554726407,-0.09419336486139684,12.659192461391246,16.48971715534783,22.856040803921488,29.148909616739076,34.170954252598925,37.07224160556895,40.76713887039162
2014/10/17,0.0,46.19042641802423,23.042476012280666,22.827311861379908,75.35837009502401,8.68091988760546,-0.10989772750158996,-0.18546157943606767,12.85823623182478,16.583264410274897,22.827311861379908,29.441500642099676,34.49093449126285,37.11718866084202,40.90114120047513
2014/10/18,0.0,49.64020859181223,23.2097562753783,23.230594263904116,79.7681786127354,8.931303298664501,-0.1316660236259149,-0.11679415495289325,13.318634563570107,16.505038712309194,23.230594263904116,29.8236732758793,34.74483627617201,37.32491550087722,42.303316925384465
2014/10/19,0.0,47.91158901736792,23.198232666836667,23.332865126393187,79.05322531186951,8.891188070886225,-0.16952007686537413,-0.18390222946514356,13.117057111081266,16.524173079021832,23.332865126393187,29.641230190103098,35.137755933274335,37.576280429398366,40.71594418240368
2014/10/20,0.0,46.849292787452846,23.124675038582225,23.333236818714983,75.95107941276743,8.71499164731484,-0.16930925643129094,-0.16670960147268943,13.054687649391276,16.53452490972735,23.333236818714983,29.589212559118625,34.64712431589141,37.16359321618686,40.851226835453495
2014/10/21,0.0,47.38939806944923,22.946607161111938,22.910857678622005,80.81722051947528,8.989839849489828,-0.1896717873132353,-0.09404868490467022,13.082848980884567,16.489098953206334,22.910857678622005,29.5719479340909,34.61406285458665,36.69441960397033,41.812185366789116
2014/10/22,0.0,46.64949980033562,23.264569368495206,23.219428288922582,75.18742727096951,8.67106840423771,-0.15248752544204647,-0.19384099115051612,13.296195655983176,16.71111436187786,23.219428288922582,30.007310017861037,34.67800934442124,36.6942246730403,41.24707793343936
2014/10/23,0.0,49.026207155547695,23.189480625306704,23.114194168138823,74.09200841525315,8.607671486253013,-0.11251022310331076,-0.06776531841086486,12.608122737097037,16.90945097793966,23.114194168138823,29.517573715036697,34.215958073484686,36.97073050118777,41.817645061248086
2014/10/24,0.0,46.86284920064723,23.251598542084086,23.23127110993434,78.235983113533,8.845110689727575,-0.19155490969676828,-0.1386087269392693,12.64603967375567,16.996111040152428,23.23127110993434,29.642150713908098,35.067640251739235,37.821372479673286,40.963566301758775
2014/10/25,0.0,49.3705718691665,23.31970326572259,23.28077262363272,75.60744060419252,8.695253912577396,-0.18334411331415645,-0.08826207636409444,12.86142467844536,17.030576131419387,23.28077262363272,29.892000809864747,34.19855021062196,36.94776225800294,41.356185380726224
2014/10/26,0.0,45.33857339558737,23.37245653656726,23.495241634070965,74.99662019620848,8.660058902583081,-0.17281003732551087,-0.14620302851432543,12.970035647040497,16.878577471157243,23.495241634070965,29.84861311819774,34.56868916510232,37.26050449074505,41.69523227335111
2014/10/27,0.0,45.488137594241984,23.33475848060333,23.50162383161781,79.21602001094494,8.900338196436412,-0.21185837795029228,-0.1867612824140923,13.332135372094626,16.86877888230746,23.50162383161781,30.200914254402086,34.94143642246593,37.185598180813805,41.21431667641711
2014/10/28,0.0,45.24632404843884,23.148936015292943,22.89667728163856,77.11616055657677,8.781580754999453,-0.2000916747018777,-0.14239453709556127,13.173156557601786,16.779738404858275,22.89667728163856,29.95289496246006,34.592829464044506,36.9094824790782,40.8239661439214
2014/10/29,0.0,49.07399547308153,23.497584702711034,23.46681461354606,78.92033274417004,8.88371165359221,-0.16041730338991284,-0.11029164600948382,13.357069472769329,17.007853458880174,23.46681461354606,30.364922931649502,34.92007639308475,37.36334970938488,42.707174947436776
2014/10/30,0.0,47.19025433924357,23.233555721438172,23.33796230007055,76.78043299751599,8.762444464732202,-0.20141773325141224,-0.056325228013182294,12.556730959576154,16.961718980071687,23.33796230007055,29.51844993964784,34.72954353692723,37.11809109453745,40.99239044277942
2014/10/31,0.0,44.83443335875761,23.326255132690275,23.273904829777976,77.93861499086408,8.82828494051161,-0.22910429953393704,-0.09592484562791892,12.856650639676946,16.988960006739866,23.273904829777976,29.845610646416812,34.756572609000074,37.0994364137802,41.69237230033445
2014/11/01,0.0,47.81513441106279,23.480581134518882,23.43673706989599,78.10112075126793,8.837483847298842,-0.1875967457636311,-0.18586678407026014,12.951245418219653,17.191874994387575,23.43673706989599,30.143120412607228,34.989353055683445,37.35234196103749,41.62281784494358
2014/11/02,0.0,48.80360238934772,23.405190909379364,23.32196386704308,78.8033411798809,8.8771246008987,-0.2124514793110727,-0.13909857392364344,13.350066223950424,16.726346438789182,23.32196386704308,30.076412662739607,34.61666048114502,37.235344322562106,40.992731529081254
2014/11/03,0.0,50.438858025457925,23.481277226413635,23.25400098615157,74.60930054747209,8.637667540920528,-0.1460208266897558,-0.1110985260384929,12.685250303425558,17.203351294596207,23.25400098615157,29.888601598021765,35.24952708154269,37.18752086163771,41.523819332758386
2014/11/04,0.0,44.138036587571975,23.592900798522088,23.771678443626925,77.69365808011052,8.814400608102092,-0.2540167535339513,-0.1104841535424601,12.866537733860419,17.23751923971117,23.771678443626925,30.104056973571588,35.13729126406895,37.33496522115832,41.10948597125349
2014/11/05,0.0,46.084733847645175,23.513246661140318,23.4761030705448,79.89077868549727,8.938164167517694,-0.1634946368722392,-0.13107600780105333,13.492500999155844,16.71339265860076,23.4761030705448,30.205893657756604,34.941061226942686,37.5380069464931,42.559293168965034
2014/11/06,0.0,46.97820356167551,23.694090813884657,23.71032689489623,76.78695384250086,8.762816547349424,-0.13013031189223367,-0.04580687568944963,12.527779064950021,17.398264013335908,23.71032689489623,29.92604307828593,35.151142209382776,38.10826197194954,42.32352622317209
2014/11/07,0.0,54.62189090011067,23.618163172013272,23.72808734022182,77.13233241047176,8.782501489352095,-0.19982544011229667,-0.07733433129011402,12.66199324715814,17.217765534713095,23.72808734022182,29.879758781871235,35.14340902370737,37.367766817898705,41.37211658750062
2014/11/08,0.0,46.5388980591094,23.75390225580487,23.80678150433249,76.48137682539247,8.745363161435463,-0.1625210572448898,-0.0972681255716874,12.795273814294337,17.266963781057495,23.80678150433249,30.06223759535183,34.97350133092103,37.944303478668374,42.048142729892106
2014/11/09,0.0,46.1728958960641,23.803796056467547,23.742458416229947,78.9849164931382,8.887345863256263,-0.22022715306956622,-0.19115894987481008,13.064103223257593,17.3496814538455,23.742458416229947,30.41378467710309,35.492424100547694,37.75065122993258,41.226653662555655
2014/11/10,0.0,49.10543317045035,23.84817733250059,23.798276147317605,75.74380941415887,8.70309194563397,-0.18144660592747935,-0.08762333779851383,12.96795781571878,17.371968373255918,23.798276147317605,30.339926188974697,34.885057433079815,37.63494181808229,41.813005400733275
2014/11/11,0.0,48.02845170295696,23.68297625441142,23.614354016409862,80.20220201017389,8.955568212580031,-0.2417684970627831,-0.03159049913102985,13.049517844043752,17.203450313629286,23.614354016409862,30.25296815767304,35.38856441584351,37.69293638063244,41.98316422550949
2014/11/12,0.0,45.85491771091392,23.738688845086788,23.881230899554367,79.02054232048424,8.88934993801483,-0.2825084256194619,0.0028361396923957116,12.978137349520772,17.320668808607934,23.881230899554367,30.298806158128706,35.414358546785714,37.47465233203841,41.70347873716391
2014/11/13,0.0,48.99181380176816,23.889687372258976,24.063319772476845,77.66114344807592,8.81255601106035,-0.251951183338105,-0.02988326241073569,12.704549726098598,17.468777830736336,24.063319772476845,30.173327556834934,35.15566312439852,37.899783433563165,41.62561380601051
2014/11/14,0.0,44.82394672410904,23.999545058585884,24.089066961283237,81.30192199423969,9.016757842719283,-0.23309965903852067,-0.0479269418458288,13.093931181132469,17.627711978556878,24.089066961283237,30.721643159689346,35.68790052564389,38.31845667030558,42.30423788017524
2014/11/15,0.0,50.31119105891904,23.929306355018287,23.67690445311532,79.16009927884228,8.897196147036563,-0.13955613006081835,-0.12372593784629116,13.285677518787192,17.465006306192794,23.67690445311532,30.750683824979987,35.57528697826009,38.27277747171948,42.012716174135086
2014/11/16,0.0,45.5603683050975,23.828120500870185,23.919255862420982,78.73745651593143,8.873412901242196,-0.3028293894767149,0.012691533849935599,12.737029346007866,17.670231857923937,23.919255862420982,30.407261203931803,35.23904623986183,37.96763055863737,41.50240158841596
2014/11/17,0.0,48.33490533974909,24.015004713320568,23.9631973691446,81.34027394217897,9.018884295863817,-0.25786091312884657,0.030473296193253674,13.143863163402354,17.588460834738445,23.9631973691446,30.7323239981408,35.53499225629744,37.99714994794235,43.24253982630708
2014/11/18,0.0,47.80488380974783,24.173123727619874,24.23521250082842,78.39890792417549,8.854315779560581,-0.17777143965519274,-0.1054235528799996,13.11239132649396,17.70979154936047,24.23521250082842,30.82218287585443,35.63717255673593,38.160267525296696,42.343813410605065
2014/11/19,0.0,46.73758102935911,24.255000924856585,24.327022341329258,77.17712078559737,8.785050983665228,-0.23750972563495198,-0.02064275130513149,13.117408270635298,17.853476439949297,24.327022341329258,30.970884710584595,35.22285506274144,37.917155400104555,43.08187323228573
2014/11/20,0.0,48.812536411681,24.293387190334254,24.255600004606386,81.51953773891096,9.028817073067266,-0.21755378185263494,-0.00791667539208829,13.127157508390432,17.719353624788518,24.255600004606386,30.84651113317895,35.943731521172666,38.41341965760028,42.74362816021039
2014/11/21,0.0,47.60475828917282,24.23851850628991,24.421191606056475,82.41025763286133,9.078009563382347,-0.27346327776774315,0.07335496108607975,12.878644281141696,17.978695184279182,24.421191606056475,30.85733946542088,35.70735164321557,38.466702861002474,43.018670162734054
2014/11/22,0.0,47.95740733983412,24.34548408799985,24.284758058192697,83.16786553987707,9.119641744053165,-0.24233793256976374,-0.008017372904168152,13.01500999492113,17.876667266027656,24.284758058192697,30.891677260948786,36.102100737003674,38.859261346281414,43.030247491608854
2014/11/23,0.0,45.96734058810102,24.303292262702502,24.37104690875787,78.25055058697347,8.845934127438067,-0.25082991418328054,-0.006936799209225075,12.92995250006026,17.88780653458278,24.37104690875787,30.81775903464304,35.75345456147115,38.388182093722016,42.41360419803847
2014/11/24,0.0,51.93461830319137,24.28546558425754,24.36635565604493,80.37953067547768,8.965463215890058,-0.26781361565982165,0.23273816323723073,13.107965030021628,17.888125234308184,24.36635565604493,30.996090264329812,35.33966325454873,37.68571714062517,42.7026843401942
2014/11/25,0.0,47.69281171867404,24.393828044923023,24.483245690631964,83.1755983755091,9.120065700175031,-0.32881997017514775,0.03044084565246674,13.730134929487296,17.666389849955518,24.483245690631964,31.396524779442814,36.080586567182785,38.35781116220412,42.423361319810965
2014/11/26,0.0,46.58254833155277,24.474089127196507,24.45606445247746,81.31905919719566,9.017708090041264,-0.3142138251351145,0.03130635018436445,12.862152929169365,18.28222756581185,24.45606445247746,31.144380494981217,36.1173777300348,38.44971731886977,41.64442923205611
2014/11/27,0.0,44.86717226811781,24.43929568972531,24.370335740655566,77.92689326732457,8.827621042349097,-0.29301136880020273,0.055555198122319904,13.000998869515207,18.188935201051954,24.370335740655566,31.189934070567162,35.59863288476305,38.14861305441034,42.25275165045369
2014/11/28,0.0,46.200745628057255,24.610463285059097,24.71525966037941,81.77411853917819,9.042904319917257,-0.27648250082428844,0.08853284390533123,12.905307793376561,18.196215539023637,24.71525966037941,31.1015233324002,36.058115872425766,38.806128454836426,43.45621735257724
2014/11/29,0.0,52.11527437021322,24.74031293721009,24.713753225906046,82.2030215247822,9.06658819649278,-0.2446333085384619,0.0445320328476555,13.197903759822292,18.188161836889623,24.713753225906046,31.386065596711916,36.683064217127175,38.948580081283694,42.688582161787785
2014/11/30,0.0,47.572406657232186,24.744182054665096,24.930859666178083,84.37693798602139,9.185692025428535,-0.3499677379674759,0.08849317500924503,13.219462452478865,18.351265885257643,24.930859666178083,31.570728337736508,36.42662776736516,38.950209567072925,42.94185693218825
2014/12/01,0.0,49.158124839746776,24.859224539228794,24.93880559347657,77.30549140346167,8.792354144565701,-0.23392036621943046,0.092126839843512,12.782177555902681,18.53045072445185,24.93880559347657,31.31262828035453,35.891640880608165,38.80012242207346,43.48937378854692
2014/12/02,0.0,46.85954531160718,24.833529188450743,24.93833738443994,79.31401639577113,8.905841700578959,-0.2823602740001103,-0.020023995126437377,13.162865319529583,18.487561271289316,24.93833738443994,31.6504265908189,36.01951718807112,38.472503528434856,42.40892421485382
2014/12/03,0.0,48.15270224615392,24.912215973930532,25.11151885166453,81.39792808481003,9.022080030946857,-0.268287716834155,0.14232090724925284,12.847349006300195,18.473793440695566,25.11151885166453,31.32114244699576,36.32726832887519,39.59149270793603,43.079812232364766
2014/12/04,0.0,46.73069890350013,25.002462850361916,25.17490975345445,79.26448046051853,8.903060173924386,-0.3203203808238422,0.10745618806620483,12.855250924466272,18.736582710944727,25.17490975345445,31.591833635411,35.917000043235035,38.694141145783206,43.39725814051304
2014/12/05,0.0,47.50493675956049,24.950682544580648,25.052715362938,79.90993646325067,8.939235787428961,-0.31037328490307664,0.14168225933955148,13.103967068063852,18.427730316238907,25.052715362938,31.53169738430276,36.11325706051175,38.74568860402429,43.19691784611334
2014/12/06,0.0,48.68109855959217,25.279979658423,25.260859662814966,80.27420569428499,8.95958736183118,-0.22542149496692043,0.010948339702715248,13.341303520830266,18.583433970758346,25.260859662814966,31.924737491588612,36.66918775384124,39.55957008544241,43.99564261540844
2014/12/07,0.0,50.10614402865014,25.233784468850743,25.42983821440211,83.06188008902292,9.11382905748308,-0.2568064336916503,0.1191421984210459,12.856648448370755,18.766239977370134,25.42983821440211,31.62288842574089,36.93388185231574,39.673847418546,43.92250828988241
2014/12/08,0.0,49.72359653843985,24.9857318865789,25.114050410855775,85.22668695109147,9.231830097607487,-0.32822968198145985,0.14627742280988176,13.283082114295127,18.415949075104862,25.114050410855775,31.69903118939999,36.78426807444009,39.18932893926981,43.70304122007124
2014/12/09,0.0,48.283950420147534,25.263411838591455,25.473035113927722,80.29884356260642,8.960962200712958,-0.2750173486855182,0.0661338436133816,13.142357877184804,18.78172927459057,25.473035113927722,31.924087151775375,36.82958545756837,39.236277265653776,43.395582157376005
2014/12/10,0.0,50.69817639749478,25.262602420002306,25.18615304121148,84.30775148458271,9.18192526023724,-0.24687625335515684,0.2019367686800786,13.120671220784939,18.78735748800347,25.18615304121148,31.908028708788407,36.79681266154631,39.8178858615968,44.27025367999365
2014/12/11,0.0,50.498839017816266,25.538627050495172,25.55579995752764,79.19609882547942,8.899219000871899,-0.2881425095606023,0.1433246816665652,12.958087246951504,19.282665769963632,25.55579995752764,32.240753016915136,36.92240572469339,39.44495632237618,43.64945882419255
2014/12/12,0.0,49.991252826235765,25.72845565421524,26.047113268968833,82.67487021975023,9.09257225540442,-0.3010114782283354,0.0927169286039593,13.614103270053022,18.9854944670127,26.047113268968833,32.59959773706572,37.16300158590424,39.338799297619055,44.22894248842029
2014/12/13,0.0,47.07953545676633,25.34280640106446,25.538404802810824,83.65046575516463,9.146062855412959,-0.39288702957137656,0.2538832598054497,12.888440062453626,19.184858155338517,25.538404802810824,32.07329821779214,36.716961365400486,39.33928397532369,43.73347863136189
2014/12/14,0.0,54.49464546128331,25.714934967657733,25.754621279844656,80.48826281128854,8.971525110664771,-0.23960929121310387,0.25221610009604145,13.15128960707166,19.162528967391637,25.754621279844656,32.3138185744633,37.06484783367926,39.770009983843956,44.475585971653906
2014/12/15,0.0,49.185666603534486,25.767857130255294,25.683456011590863,83.90659275323834,9.160054189426956,-0.33323758115071334,0.23022426278734454,12.802391607291511,19.562715114798763,25.683456011590863,32.365106722090275,37.366759360883975,39.94747090521359,43.9195262441585
2014/12/16,0.0,48.15846935196029,25.66224479980916,25.675880658788174,83.26701536453936,9.125076184040294,-0.35511669734466256,0.2104341733022812,12.871780827128834,19.554227888726206,25.675880658788174,32.42600871585504,37.458657050933546,40.023967076949624,43.58709934553496
2014/12/17,0.0,49.435476607622135,25.636451642473062,25.666805555821625,85.61737112686819,9.25296553148601,-0.3717343025385086,0.2445655609224726,12.991592421175827,19.256816561768968,25.666805555821625,32.248408982944795,37.429220344261175,39.86670776297848,44.31912242513833
2014/12/18,0.0,51.08827274715259,25.857246425670343,25.733351804843778,85.61389101396108,9.252777475653518,-0.2955185167180283,0.21170251495715453,12.943337834427886,19.47251449473989,25.733351804843778,32.41585232916778,37.930318200919366,40.50572702116192,45.446430430818275
2014/12/19,0.0,47.400275558120825,25.792039311104855,25.932695315351133,83.6908314401209,9.148269313926045,-0.3646996528773135,0.2490613731713731,12.975191655359541,19.346559286414244,25.932695315351133,32.321750941773786,37.43101984931599,39.77110829655379,44.26000247100876
2014/12/20,0.0,52.13202209901746,25.98630431807805,26.059255930349863,84.92303537523873,9.215369519191226,-0.3232713207615579,0.2842306654028217,13.053602833361701,19.51194472017132,26.059255930349863,32.56554755353302,37.99123138747815,40.45389060195702,44.62999385456993
2014/12/21,0.0,53.25902872323108,25.884278352393693,25.99495074809029,81.96049069875909,9.053203339081648,-0.38402539206423225,0.31096191800806894,12.772042816728412,19.701122660851308,25.99495074809029,32.47316547757972,37.14453726781673,40.014480536509126,43.897459109902364
2014/12/22,0.0,49.96102790374636,25.947586249870895,26.388090639766222,87.17505306087405,9.336758166562635,-0.445221341249671,0.32699517614613605,13.251563834952798,19.633365466126996,26.388090639766222,32.884929301079794,37.6012889249684,39.8847129712303,44.339483029279606
2014/12/23,0.0,50.37727596762612,26.175227073108456,26.32515359305684,83.91617496283858,9.160577217776103,-0.3545652803778255,0.32279739958117437,13.152102662990721,19.732769547840114,26.32515359305684,32.884872210830835,37.577237464440394,40.087684117273895,45.36354540743643
2014/12/24,0.0,50.15647994141236,26.20463415262279,26.48959656592571,82.39697079295578,9.077277719281028,-0.4045077002843487,0.2876621347283215,12.862060206231334,19.850286981452527,26.48959656592571,32.71234718768386,37.85463298611268,40.07081789196414,44.096676292797966
2014/12/25,0.0,49.53191543884941,26.328243166899483,26.714346634163384,83.86998618865398,9.158055808339125,-0.4346558381489718,0.3252370035743395,12.985647338599438,20.13367434573978,26.714346634163384,33.11932168433922,37.56255029928718,40.02830096214249,43.90991056839324
2014/12/26,0.0,51.58235457931642,26.26065638229759,26.464859897798952,82.15138511201033,9.063740128225783,-0.3987209319959579,0.4122702938059244,12.976590451014548,19.89763046000291,26.464859897798952,32.87422091101746,37.4023043336827,40.19436181259691,44.60191480744148
2014/12/27,0.0,50.85560853361448,26.31555899267496,26.412505721408827,84.80512352028572,9.208969731749894,-0.382966594356419,0.3295088627123901,13.209335443952298,19.79919944487932,26.412505721408827,33.00853488883162,37.7112698736214,40.52225629184102,44.62058710966591
2014/12/28,0.0,52.23979202831083,26.348556600529456,26.547317889768777,81.3991549411544,9.022148022569482,-0.40180129322469094,0.3664154980037835,13.060816538508185,19.953426201953683,26.547317889768777,33.01424274046187,37.68424576148882,39.89667241980821,44.12886266591133
2014/12/29,0.0,51.150847126193945,26.518272083753505,26.677271747580754,84.51456951623943,9.193180598478387,-0.4515574970193495,0.4250799346065208,13.01528260321977,20.231446581020297,26.677271747580754,33.24672918424007,37.85185372306874,40.66286970891904,44.50927017065354
2014/12/30,0.0,51.377894526373616,26.764960587562186,26.782304654473585,83.43163754687293,9.134092048303046,-0.3164271181360596,0.2797792828260719,12.946616957653887,20.39005439658424,26.782304654473585,33.33667135423813,38.71224772686146,41.26435386984424,45.305856652685065
2014/12/31,0.0,49.32365185058482,26.65054400969707,26.956876148135983,84.82513581206663,9.21005623283955,-0.44198639833602643,0.3846217853143368,12.866021730986024,20.296551429620987,26.956876148135983,33.16257316060701,38.32876873656711,41.13864870491789,44.21302923072757
2015/01/01,0.0,53.79537135979133,26.657938432885064,26.83993470077829,82.27701384156985,9.070667772637792,-0.40225169918072157,0.41379035894957994,12.992413925844726,20.44037587087161,26.83993470077829,33.432789796716335,38.11162678145351,40.4278346834105,44.65609183441994
2015/01/02,0.0,51.87603715764318,26.70958189090437,26.973740461859418,80.93718099052056,8.996509378115523,-0.4413213732153929,0.48964194489548696,12.755823514257884,20.59421369223452,26.973740461859418,33.3500372064924,37.74936063663834,40.61265587100356,44.26981773815059
2015/01/03,0.0,52.66147904813493,26.942254927829328,27.22028307215388,84.3874044165066,9.186261721533226,-0.4042687682710579,0.41301266056740316,13.165162225562174,20.546185937179967,27.22028307215388,33.71134816274214,38.31220963421478,40.97471513056271,44.91589433754309
2015/01/04,0.0,51.728420759723335,26.989259735160278,27.10095538032381,87.15812350845697,9.335851514910516,-0.39266965243982394,0.34569837517455637,13.102996568769942,20.572043797389956,27.10095538032381,33.6750403661599,38.90689822626513,41.48040173299621,45.47719479288981
2015/01/05,0.0,56.33810142416978,26.78139912734618,26.82428297639911,87.82277288612146,9.371380521893316,-0.42808937984677575,0.4325059141615659,13.315764978648058,20.258951008185253,26.82428297639911,33.57471598683331,38.29447612549707,41.25289542060521,45.27126426176768
2015/01/06,0.0,51.704963060446616,27.05340260090197,27.412787829117764,85.11998690511902,9.226049366067745,-0.47032836056205213,0.50815152218357,13.0484687600771,20.573497134764004,27.412787829117764,33.621965894841104,38.38187043191684,40.64828057790437,45.82510506413669
2015/01/07,0.0,51.24254200102144,27.12715200297254,27.31365266225586,86.39169073009029,9.294713052595561,-0.4477723622656196,0.4549717242685771,13.177011481459434,20.906291679690117,27.31365266225586,34.08330316114955,38.519488011849596,41.05226838141479,46.171345904238144
2015/01/08,0.0,51.86807583264856,27.279054172140246,27.278965375521267,82.59014837524445,9.087912212122456,-0.3902870850838299,0.5485140989123978,12.683663934500029,21.041253240191192,27.278965375521267,33.72491717469122,39.18188687392065,41.29731278832132,45.86021002518446
2015/01/09,0.0,52.01276493394416,27.08007233738182,27.10040243833248,86.37615131878648,9.293877087566118,-0.42739659013340725,0.4849225580412737,13.006787502328947,20.748089042235705,27.10040243833248,33.75487654456465,38.88875527400409,41.69337298565425,45.06739423560895
2015/01/10,0.0,52.07986315556883,27.45422862970431,27.55688026032756,87.68161475640164,9.363846151897288,-0.4358226633872959,0.43109011630082206,13.299063905257622,21.048841535714832,27.55688026032756,34.347905440972454,39.109834914607795,41.30585427330722,46.02055360864059
2015/01/11,0.0,51.66050865020634,27.412028087136814,27.44798590971718,87.7749621802945,9.368829285470756,-0.4460733700423406,0.4444431740417767,13.444001028278919,20.847149668713357,27.44798590971718,34.291150696992275,39.24382760626121,41.783463473241376,46.037739483652764
2015/01/12,0.0,52.557458222982376,27.6059853404808,27.601127153512227,84.65456510329362,9.200791547649235,-0.3897268342027002,0.4437195901578965,13.213582219955498,21.15466390943765,27.601127153512227,34.36824612939315,39.3005154175539,41.81933170682466,46.04944052800143
2015/01/13,0.0,52.82292865606433,27.32995407001626,27.721217374698508,91.3856223373139,9.559582749122155,-0.48530780236952825,0.580106182287274,13.22624085719086,20.957082882560798,27.721217374698508,34.18332373975166,39.32812796896968,41.73858118263015,46.00437059362991
2015/01/14,0.0,50.906109717929326,27.58265593098959,27.487864132019283,87.23901384609714,9.3401827522858,-0.464716113337908,0.4806640344411921,13.321090711376701,21.30955580513962,27.487864132019283,34.63064651651632,39.10397001622075,41.746440065047736,45.66640843145367
2015/01/15,0.0,50.70493109818629,27.812381807873884,28.038562251509056,87.94758900845918,9.378037588347532,-0.439460335681005,0.5147131078455152,13.007258119182183,21.522017657675434,28.038562251509056,34.52927577685762,39.51830219906485,41.99371416833458,47.2590991074686
2015/01/16,0.0,51.00284674456768,27.65716537127802,27.63498791808347,88.33044425193694,9.39842775425427,-0.47210028118143604,0.5619824205572059,12.97778503250785,21.484956046335075,27.63498791808347,34.462741078842924,39.44827193337641,41.80769849557467,46.30216058111114
2015/01/17,0.0,53.60400063910655,27.677837031271487,27.666111341067023,86.88021488646034,9.320955685253542,-0.4547772661228804,0.58371801172279,12.78163623545219,21.517536493648997,27.666111341067023,34.29917272910119,39.36786214790941,42.1628746762181,45.45932648108833
2015/01/18,0.0,55.34452920738502,27.9252067239986,28.279521504245118,87.03427322101022,9.329216109674501,-0.48913932015643913,0.5407653019842109,13.28601286583596,21.40911479427861,28.279521504245118,34.69512766011457,39.54686858042341,41.81146464004531,45.81369252827349
2015/01/19,0.0,55.22970778465792,27.68465515867043,28.077166481411833,91.90248095364916,9.586578167085957,-0.5271107302019208,0.6494671711092468,13.127540093861718,21.336842574772042,28.077166481411833,34.46438266863376,39.64568360838178,42.265617965899345,45.429686414683324
2015/01/20,0.0,51.63386120368356,27.84322179662247,28.067449924227564,87.16186970693249,9.336052147826322,-0.49215524317761045,0.5923744645162552,13.203143307809682,21.56958938820641,28.067449924227564,34.77273269601609,39.35830350590351,41.85024417725486,46.55999417298649
2015/01/21,0.0,53.13309994450377,28.019786724876077,28.097928894138477,87.0217479011172,9.328544790111541,-0.47746423394038756,0.6188688854034723,12.577577076842594,21.835233388989764,28.097928894138477,34.41281046583236,39.74875615347079,42.37396379626388,46.086763413737735
2015/01/22,0.0,52.53129102372766,28.04052438767216,28.037861852899766,88.42378370214544,9.403392138060894,-0.46724264495473505,0.6213107023245028,12.642813054740127,21.85716725173211,28.037861852899766,34.49998030647224,39.83221780905542,42.49659121069937,46.3929084377558
2015/01/23,0.0,49.69232011615999,28.025387110443287,28.077789247073788,90.07383854324002,9.490723815560118,-0.5080471276794202,0.6528555957925524,12.636424849874377,21.937364678014244,28.077789247073788,34.57378952788862,39.98936288172133,42.37550898201614,47.105348401229705
2015/01/24,0.0,52.073411139306,28.15754537895687,28.4275663646836,90.9315644534252,9.535804342236956,-0.5601310755318969,0.7278811227725743,12.701485613965822,22.16046797393728,28.4275663646836,34.8619535879031,39.97526992849567,42.34113979528491,47.19489807708027
2015/01/25,0.0,52.14947103404288,28.109450506714982,28.413555253281498,92.73653100087134,9.629980841147677,-0.5482191820072198,0.6279582505835926,13.34855901036368,21.74291560998573,28.413555253281498,35.09147462034941,39.87490758621003,42.592142576180414,46.470477834558444
2015/01/26,0.0,53.54750712904329,28.17972839007443,28.245995940775646,89.39919240671182,9.4551146162652,-0.5424034394909447,0.7241966117908278,12.915660068373974,22.20323214814482,28.245995940775646,35.118892216518795,39.71972146007208,42.536523846490994,46.516167462683605
2015/01/27,0.0,51.65014186782024,28.500186440047088,28.64283398056152,87.43423927918651,9.350627747867334,-0.5027017817828056,0.6418559122428555,13.009493109726144,22.362739027331934,28.64283398056152,35.37223213705808,40.11953064726931,42.622079867554476,47.0914943658175
2015/01/28,0.0,52.95610993555404,28.39993183456007,28.60454855196976,93.41235495358012,9.665006722893684,-0.5427853474639268,0.716889953905766,12.905192017904277,22.206331411794388,28.60454855196976,35.111523429698664,40.3006642987451,43.11353640004998,47.21229006220378
2015/01/29,0.0,51.99114918149398,28.525712281632234,28.56357177583066,89.05161376918804,9.43671625986434,-0.49504232187724095,0.6337840882758923,13.091444323298091,22.30162692384186,28.56357177583066,35.39307124713995,40.24209422978527,42.94425007231322,47.38967936186709
2015/01/30,0.0,50.96902838857191,28.39835325309279,28.56610696780455,91.32533737647834,9.556429112198675,-0.5012147085323297,0.6255836765134228,13.518749661388668,21.96786166479994,28.56610696780455,35.48661132618861,40.43943757525765,43.11992164458787,46.985596240945746
2015/01/31,0.0,51.48773329031245,28.548453837909893,29.00547534355946,87.86899222067744,9.37384618076686,-0.5395338951547192,0.7150454294431574,12.836181330978281,22.452144738120897,29.00547534355946,35.28832606909918,39.99763392316582,42.15648285036219,47.270385064966156
2015/02/01,0.0,53.24433200638706,28.702300258514153,29.133535135960187,86.92114587904227,9.323151070268157,-0.5709492420857192,0.7238226767553706,13.06644018836424,22.51411258184597,29.133535135960187,35.58055277021021,40.257158858121564,41.99298673550675,46.04863763959378
2015/02/02,0.0,51.49040225821608,28.723129865567266,29.120476464784346,89.1741426197722,9.443206162091993,-0.5530898036003673,0.641132251918489,13.282056587422737,22.339889284930692,29.120476464784346,35.62194587235343,40.35003260982076,42.7577688862989,46.45770542340165
2015/02/03,0.0,52.68995013111512,28.9304066570069,29.16914957281369,90.99685800233658,9.53922732732251,-0.4998561180848315,0.7044805209016713,13.301998903898962,22.612215848355348,29.16914957281369,35.91421475225431,40.90898822370551,43.08396085255628,48.287209705322226
2015/02/04,0.0,52.83688127025842,28.66163857627956,29.23556030331748,93.1958724885495,9.653800934789857,-0.6479794985084075,0.8281410399205327,12.915639697107729,22.64622038015628,29.23556030331748,35.56186007726401,40.62294170847666,42.96055826949793,46.617387390169405
2015/02/05,0.0,53.5918989616264,28.833374541407764,29.33222691346197,88.66106185527524,9.416000310921577,-0.5623902267845065,0.7697810304499515,12.884128710973897,22.549977272375656,29.33222691346197,35.43410598334955,40.406690295146284,43.06816776775795,47.11743469742587
2015/02/06,0.0,51.20320823287692,28.75255447800554,29.149490972036105,94.13309953797126,9.70222137131344,-0.6218705641561243,0.8191390851783091,12.932673284233903,22.540025657069865,29.149490972036105,35.47269894130377,40.93422857323898,42.996112134942244,47.12493774069072
2015/02/07,0.0,55.37298334975857,29.197076593957224,29.37219370638394,91.97162617916821,9.590183844909763,-0.5069430814784138,0.6866352077070501,13.293931041543502,22.73063854691121,29.37219370638394,36.02456958845471,41.25806730999367,44.10539532518956,47.3541798902918
2015/02/08,0.0,49.519157554531176,29.125336552914156,29.491510892083333,93.06209966225181,9.646869941190863,-0.6114437398688214,0.6643481238334847,13.842951234685305,22.609144425383672,29.491510892083333,36.45209566006898,41.06700989403787,43.40425571177435,46.59959103626306
2015/02/09,0.0,53.809134295959375,28.980046711085762,29.469525878927104,91.08737522155198,9.543970621368864,-0.592311380734205,0.8089494347056578,12.88980112580646,22.848734353786543,29.469525878927104,35.738535479593004,40.90192137510813,43.658864524321146,47.14678343922606
2015/02/10,0.0,51.81865136569036,29.260069013943898,29.82705797904699,91.2438693294065,9.552165687916354,-0.5525154086240747,0.6973804286111203,13.315947548447845,22.9462812865966,29.82705797904699,36.262228835044446,41.203010021394476,43.47620745745564,48.1354477480316
2015/02/11,0.0,57.1011535276865,29.012591544803154,29.559931234985047,92.30878550607616,9.607746119984446,-0.567127799603233,0.8769825587523306,12.668679788776714,22.94926037686684,29.559931234985047,35.61794016564355,40.7581493423811,43.2309040770538,47.80278294598003
2015/02/12,0.0,52.66509001647484,29.049455869206223,29.29403489149425,91.19057335881351,9.549375548108552,-0.6056947180580464,0.8614537625173471,13.225502658600192,22.792327307020443,29.29403489149425,36.017829965620635,40.39167494603228,43.40467900485773,47.675047823817714
2015/02/13,0.0,53.93554782390788,29.382593389248303,29.914843580837715,90.30612672667776,9.502953579107801,-0.5442438873908719,0.8359174045617483,12.657899397240122,23.168683381990448,29.914843580837715,35.82658277923057,41.33223009485286,44.16619778969195,47.86942893813455
2015/02/14,0.0,53.96525351876864,29.348430911279774,29.63912653160794,93.7169695481933,9.680752530056395,-0.5953634810323397,0.813527982502559,13.383237401262438,23.0512506822155,29.63912653160794,36.43448808347794,41.4343136511547,43.8265693928864,48.36327430209573
2015/02/15,0.0,53.8058043828903,29.302417416059136,29.695841456631275,94.32615949306165,9.712165540859651,-0.6044949092508665,0.8681821350131158,13.022809291013974,23.07481604333096,29.695841456631275,36.09762533434493,41.1667015675975,43.82147867742471,47.835311505499654
2015/02/16,0.0,53.43106550163655,29.235893530796677,29.74571318844608,93.037159373998,9.645577192371537,-0.6359498420860237,0.8742040188314766,13.142952453794532,23.048237719131837,29.74571318844608,36.19119017292637,40.696791847759854,43.58084068318966,47.91544557588187
2015/02/17,0.0,54.24950324208685,29.48330123072883,29.54727619298905,91.98901716045101,9.591090509449435,-0.5413126563021892,0.8318795788566113,12.97806751072914,23.18694376376032,29.54727619298905,36.16501127448946,41.41114967262211,43.89994588105822,47.96563355982252
2015/02/18,0.0,52.43292849075952,29.362351016769036,29.880263538872825,99.93668918577404,9.996833958097636,-0.5993322154083803,0.7591510597054225,13.34344824564366,23.02863729892665,29.880263538872825,36.37208554457031,41.824527887928156,44.36554876876766,48.33742856976569
2015/02/19,0.0,57.80404273976585,29.433581327026314,29.89144570492777,91.46586269943788,9.56377868310627,-0.6459783709654523,0.9320853398870015,12.83689795135533,23.391757432813304,29.89144570492777,36.22865538416863,41.324499448678864,43.6366878722787,46.84761836312838
2015/02/20,0.0,52.707335652776,29.537577802846275,29.79854412098473,96.8488559811359,9.841181635410246,-0.6366762072080038,0.8841197237498535,13.299881529754003,23.268049157914035,29.79854412098473,36.56793068766804,41.989503916040405,43.93260652992054,47.88322565267129
2015/02/21,0.0,53.11485200268846,29.535364800826756,29.93570220879165,95.1183691679434,9.752864664699464,-0.5991190289327459,0.9326267561113366,12.903187361978283,23.30245363154959,29.93570220879165,36.20564099352787,41.496851613658414,44.374216785268075,48.86985054785451
2015/02/22,0.0,54.1142608140363,29.710806883680977,30.043004244937517,91.32917672082085,9.55662998764841,-0.5956589347017173,0.842930660563705,13.180087704125679,23.33655923240727,30.043004244937517,36.51664693653295,41.4267136026852,43.78227884028999,48.27980053554917
2015/02/23,0.0,52.66169089171336,29.504545228408844,30.022839246762945,92.6710990140021,9.626582935497003,-0.650479026010599,0.9417405674556032,13.302144309210604,23.336896758497417,30.022839246762945,36.63904106770802,40.91165290708804,43.38498560751625,47.83931296377465
2015/02/24,0.0,54.5409221363312,29.705867383575555,30.221017582989713,92.29652994638384,9.607108303042276,-0.6258856482203434,0.9325233558433035,12.76437687879983,23.575842090477416,30.221017582989713,36.340218969277245,41.533910076368784,43.91962869665426,48.298913015112845
2015/02/25,0.0,52.68140687310997,29.883182864531218,30.06643685863545,93.8007032739662,9.685076317405361,-0.6131554008570739,0.8960774203886954,13.459697677499015,23.55356724490081,30.06643685863545,37.01326492239983,41.63939051419152,44.79949399552093,48.270981703916945
2015/02/26,0.0,55.56695554647074,29.707655957426525,30.149885110711892,98.45489778476625,9.92244414369596,-0.6655202389730799,0.9741946948118452,13.292493548123176,23.4258200379004,30.149885110711892,36.71831358602358,41.77800257903625,44.29221547537045,48.75483424549595
2015/02/27,0.0,52.61679183037101,29.6641430717836,30.155392891408265,95.63283800711419,9.77920436472795,-0.6683341975437282,0.9731368152329276,13.13030473575175,23.365846452470848,30.155392891408265,36.4961511882226,41.85308261166678,44.02086082266018,48.31192633973998
2015/02/28,0.0,54.09922530232485,29.907686951829657,30.095590998840017,93.45846277114607,9.667391725338643,-0.6129155802109543,0.9544610982561887,12.888536139900467,23.64679569907875,30.095590998840017,36.53533183897922,41.968673133128895,44.653013676843244,47.9165759576924
2015/03/01,0.0,54.31732395590416,29.680608630608727,30.053934607671735,96.28340395428977,9.812410710640366,-0.683035483660772,1.0228147951608202,12.926167238430956,23.667435397091126,30.053934607671735,36.59360263552208,41.695324843845654,43.99876259794805,47.981515679691036
2015/03/02,0.0,56.60711456399459,29.872544162995368,30.16681012607492,95.74318670128191,9.784844745895661,-0.6143300628138373,0.9716931593178626,12.977699613030683,23.66245763278057,30.16681012607492,36.64015724581125,42.04042713568363,44.84264505984545,48.645610794636184
2015/03/03,0.0,57.27450754379963,29.956914417522103,30.3746293407438,98.00010782320177,9.899500382504248,-0.6669193970594629,0.9714340331879332,13.22546871488722,23.631019699166522,30.3746293407438,36.85648841405374,41.97956200160891,44.63480580418331,48.740555806759936
2015/03/04,0.0,54.96241957352846,30.07808593410844,30.622615865345843,94.65377409863194,9.729017118837438,-0.5638304030237854,0.913100240860997,12.76673653364671,23.937270058596265,30.622615865345843,36.704006592242976,42.14494715963081,44.97596367730123,49.921865968898224
2015/03/05,0.0,53.67769126559128,29.886998572465004,30.365456033225925,96.84184272336618,9.840825307024112,-0.6907378839751852,0.973764363425651,13.243466691756296,23.62013213996618,30.365456033225925,36.86359883172248,41.881633007557475,44.27700516243241,48.31756962064959
2015/03/06,0.0,53.4476550909023,29.994607133598493,30.46351933749213,93.90670424633916,9.690547159285648,-0.6948679824196713,0.9562180450915103,13.179146718721867,23.831166544522176,30.46351933749213,37.01031326324404,41.65398407828239,44.116514949520344,47.832567480775204
2015/03/07,0.0,54.61940899405741,30.095119087007266,30.227963452506117,100.24824259714175,10.012404436355023,-0.6730253873381943,0.9378914442314068,13.732821369917374,23.85847901096416,30.227963452506117,37.591300380881535,42.20652959879558,45.20077268439754,48.36301755863796
2015/03/08,0.0,52.096280692590334,30.09307166275958,30.51069788706567,94.94205300527715,9.743821273262208,-0.6823225430070662,0.9611840675558083,13.48587154805212,23.77430266013945,30.51069788706567,37.26017420819157,41.95413433390781,44.50370972573387,48.31902144650725
2015/03/09,0.0,54.65046002442797,30.23963974410678,30.661222247348444,97.63883138708427,9.881236328875262,-0.666104445097486,0.9482281439454865,13.15785167635028,24.118604090954296,30.661222247348444,37.276455767304576,42.53578578682869,44.94255210973759,48.89374511744621
2015/03/10,0.0,52.19555760424737,29.964599345481,30.522796266483084,93.70792776265007,9.680285520719421,-0.6773660173722804,1.0561486071897885,13.067452293846966,23.627640794477987,30.522796266483084,36.69509308832495,41.82089977994945,44.43960215376598,48.56085809291476
2015/03/11,0.0,53.31156208941592,30.08119102129186,30.388879751117692,98.40824294630481,9.920092890003843,-0.7221590839247033,1.042071163394723,12.967379550233794,24.146900161480225,30.388879751117692,37.11427971171402,42.09630914328934,44.54470213483501,48.242561955601
2015/03/12,0.0,52.11343240984266,30.347902588420144,30.603942253368203,92.90982623353345,9.638974335142379,-0.6554137977274094,1.0452162409180206,12.985689023391021,24.290503814674512,30.603942253368203,37.27619283806553,41.889807098064004,44.87051746136137,49.30073589977491
2015/03/13,0.0,56.91409058938791,30.258255558866598,30.89382041494025,98.14207132665418,9.906668023440282,-0.7111665344781056,1.0462385205051135,13.345826590436271,24.02438846650649,30.89382041494025,37.37021505694276,42.269896211781166,44.69333648100596,47.66098016692502
2015/03/14,0.0,53.33507861405187,30.10631643753223,30.733295886065143,93.06515461969032,9.6470282792003,-0.7131527362160656,1.0827219509036174,13.100993384231352,23.924297685802493,30.733295886065143,37.025291070033845,41.73559223205122,44.327591816666704,47.951006194350526
2015/03/15,0.0,54.38246835292376,30.12181085914969,30.408129604536384,96.58913628043793,9.827977222218106,-0.6820400201349687,1.0650882946701605,12.802312913312544,24.163954983124125,30.408129604536384,36.96626789643667,42.09386801815459,44.32159920754679,49.00672396445986
2015/03/16,0.0,52.590494357599496,30.24887242044369,30.66922526235207,98.56417147220328,9.927949006325692,-0.7218064743470064,1.0413423644281332,13.577103354771932,23.90137784217433,30.66922526235207,37.47848119694626,42.00073802920293,44.77382648173828,49.03576366830591
2015/03/17,0.0,54.16317190535028,30.34102597005411,30.74448415963074,93.2160627220999,9.654846592364889,-0.6054020821587399,0.9677642310918722,12.720057116836152,24.200342354191662,30.74448415963074,36.920399471027814,42.40107036461131,44.83739928863055,48.524678913670165
2015/03/18,0.0,56.15159258038543,30.316646404769877,30.853008090955022,94.9796025322723,9.745747920620166,-0.6730272488296657,1.120855303280409,12.829712356169907,24.34808934118564,30.853008090955022,37.17780169735555,42.059799304742775,44.79226133502721,49.79494506874611
2015/03/19,0.0,53.61099044474965,30.58841727543134,30.68709431203522,90.27620278330329,9.501378993772603,-0.5956827583376972,0.9367169076708928,13.177497644058288,24.269723754704355,30.68709431203522,37.44722139876264,42.64619660717497,44.905232453607454,48.287272213655406
2015/03/20,0.0,54.692917970946105,30.243717314433592,30.91151611919149,96.68624080867578,9.832916190463324,-0.7168972642816065,1.1134298289971292,12.895276398792316,24.25896458799681,30.91151611919149,37.15424098678913,42.09165243816099,44.58645597382886,49.050313539299374
2015/03/21,0.0,56.65091793947676,30.438520281676947,30.850468095088228,94.12911759926696,9.702016161564924,-0.6484132742929158,1.0700757529907476,12.852559325387382,24.235227738971474,30.850468095088228,37.08778706435886,42.29723670581028,45.04875383853399,49.00841139032101
2015/03/22,0.0,52.42227682968774,30.105523197774996,30.745617008915154,97.99311546946696,9.899147209202768,-0.7782148025853292,1.143860295111471,12.980205026067171,24.131075848762176,30.745617008915154,37.11128087482935,42.14494926048943,44.364091529533745,48.73477583123171
2015/03/23,0.0,55.47905858090031,30.305930582361224,30.58882557076175,96.0067738336387,9.798304640785503,-0.7150466979100057,1.1092590565507976,12.876764509399877,24.317269050348486,30.58882557076175,37.19403355974836,42.215719255672425,44.62802960279371,48.02054891207627
2015/03/24,0.0,56.78782322147831,30.239560904767558,30.602749823188596,104.19306893628985,10.207500621420008,-0.7339446544523927,1.018524699832032,13.568702041630377,24.00986268415448,30.602749823188596,37.57856472578486,42.4098012418977,45.164069132971925,49.04556651151598
2015/03/25,0.0,53.65014516972924,30.278560339051996,30.956718497206623,95.15496632586482,9.75474071033489,-0.7487868898695043,1.1280981299242474,13.074517574801266,23.98808603594681,30.956718497206623,37.06260361074808,41.98347851039715,44.41271963822004,48.26664090279708
2015/03/26,0.0,57.16654055527274,30.25571133196001,30.872116489703647,99.45410468383442,9.972667881957888,-0.7206814945985786,1.1519540226050058,13.29041652362788,24.13126671684793,30.872116489703647,37.42168324047581,42.34194785952372,44.81717669998905,49.26761173252296
2015/03/27,0.0,55.24111110223912,30.532621334265507,30.89118845399536,98.25706767463059,9.912470311412317,-0.6061797792049434,1.06454809011931,12.917378555930014,24.473757459352207,30.89118845399536,37.39113601528222,42.893291740534735,45.523977258775005,50.64973695214152
2015/03/28,0.0,53.77865273093392,30.285838561441686,31.058969628302428,102.34441560942042,10.116541682285524,-0.705804061623944,0.9831084763600169,13.116958410237721,24.09104432660228,31.058969628302428,37.20800273684,42.40794877909102,45.518862585045646,48.73317497756428
2015/03/29,0.0,57.57768578566918,30.503897633240506,30.876957447129136,94.78316094439634,9.735664381252896,-0.6214628508897722,1.0116918264029002,13.21394926308308,24.07536214972709,30.876957447129136,37.28931141281017,42.382873280241874,44.86815787956147,49.49322533123656
2015/03/30,0.0,56.78704398157295,30.2283254622955,30.677776261144622,103.7062501349617,10.183626570871583,-0.7218302670021619,1.061132551504644,13.20688023200518,24.096364543977952,30.677776261144622,37.30324477598313,42.70747748815094,45.18647281537905,49.32539987660741
2015/03/31,0.0,55.17845792400973,30.29960152901697,30.610588893056683,100.82939517711809,10.04138412655935,-0.7003595407850626,1.0717535758895993,13.008180979835878,24.067816900921827,30.610588893056683,37.075997880757704,42.553839583040656,45.0593222025607,49.410315241720035
2015/04/01,0.0,57.626927643656046,30.495361410432913,31.04175080646369,95.65898904120748,9.780541347042478,-0.6830935075058283,1.13480235955971,12.89823290239174,24.296505314447586,31.04175080646369,37.194738216839326,42.196764433961,45.26740791573944,49.414806510235756
2015/04/02,0.0,54.813189900094685,30.377240640762356,30.7373209894272,96.13677829785327,9.804936424977639,-0.7076262215735183,1.175209011417313,13.020101950160363,24.28564247570039,30.7373209894272,37.30574442586075,42.090563712730365,44.48082753723008,49.292732170671755
2015/04/03,0.0,53.19596415045486,30.285417379322098,30.78088080186636,97.61818291330151,9.880191441126103,-0.7215001220457766,1.111268859465163,13.112557341094774,24.19074883544074,30.78088080186636,37.303306176535514,42.21467675047106,44.80560221646639,48.82704323684187
2015/04/04,0.0,56.639181750283306,30.359317962475593,30.974938876917903,98.1468672781784,9.906910077222786,-0.7477756236670259,1.1221255803874772,13.265755932077361,24.20805067871577,30.974938876917903,37.47380661079313,42.25131087516225,44.48961562126782,49.180254035437706
2015/04/05,0.0,53.73347285632008,30.333604686146998,30.64737842875366,94.40505783777587,9.716226522563987,-0.7294197766994704,1.1580099144306129,12.989648659039887,24.15873601983951,30.64737842875366,37.148384678879395,42.35397879746551,44.66613618782988,48.31304829131156
2015/04/06,0.0,54.51086069759597,30.556552990216133,30.721595318233476,96.24975283321385,9.810695838380367,-0.6582640988208173,0.9902704630970169,13.6488050399891,24.15030822340026,30.721595318233476,37.79911326338936,42.59007892485171,44.9055630855006,49.07320454947443
2015/04/07,0.0,55.93357998832971,30.2045179671301,30.692733722432635,98.86811644258239,9.943244764290096,-0.6845915084852314,1.1445254174710282,12.89018350940134,24.065198325698475,30.692733722432635,36.955381835099814,42.23608501264245,44.94509564345867,50.42908259887365
2015/04/08,0.0,54.46152130926245,30.522103664696417,31.095874074997287,95.53054889850027,9.77397303549075,-0.6639501487139907,1.0540087884927725,13.380585591550009,24.091838551844035,31.095874074997287,37.47242414339404,42.592515991184094,44.84544635945868,49.33543215409799
2015/04/09,0.0,53.69139487044933,30.355049834387188,30.758921891902908,94.53642608078532,9.72298442253125,-0.6868610115195674,1.053649410954009,13.139881126421596,24.303329328553065,30.758921891902908,37.44321045497466,42.46403792008609,44.73758473025225,47.828584465218434
2015/04/10,0.0,54.231310228844364,30.307242208525455,30.913635703817597,101.77364238758538,10.088292342492132,-0.7137054453064076,1.0557910336403764,13.309489162836261,24.079546476282093,30.913635703817597,37.389035639118354,42.443747950550964,45.18493852965776,49.07452051600305
2015/04/11,0.0,53.87818622361562,30.1636441815977,30.476172559236513,98.82822276605465,9.941238492564931,-0.7028530240686557,1.0608368066814564,13.06887463603126,24.112842927741134,30.476172559236513,37.181717563772395,42.0771250041795,44.72855900937036,48.926140891033484
2015/04/12,0.0,57.78310111401449,30.3641902983475,30.805921817364343,98.59356548353739,9.92942926272892,-0.6807762162009732,0.9769079902386526,13.431764673609013,24.10005082285028,30.805921817364343,37.531815496459295,42.49930042302397,44.95624296914065,48.32157688509011
2015/04/13,0.0,55.40576508588042,30.417121410455575,30.759616147715143,92.73840883282345,9.630078339911023,-0.64248244352631,1.0327029525420888,12.857099696667046,24.10284805997235,30.759616147715143,36.959947756639394,42.70995486563628,44.76505779560961,48.541814698481744
2015/04/14,0.0,54.14526247504155,30.245550071184617,30.534869844637107,91.79891088196915,9.581174817420312,-0.7237543593891403,1.194109120245081,12.72366818492203,24.190309925586607,30.534869844637107,36.91397811050864,41.91499731513918,44.35166799585002,48.39101246088557
2015/04/15,0.0,53.33734935553825,30.372386959209468,30.55700042738563,97.27755848064993,9.862938633117917,-0.7056557041367494,1.0643253511185962,13.45549604138645,24.1188968475232,30.55700042738563,37.57439288890965,42.45678210067516,44.86083592162241,49.03792306979859
2015/04/16,0.0,55.18465059084851,30.1151117242142,30.674990783949447,97.51561360127239,9.874999422849218,-0.7332185173732704,1.1337174356065787,12.953477779685599,23.977038098833212,30.674990783949447,36.93051587851881,41.83344354720717,44.358549735691476,49.43077118762126
2015/04/17,0.0,55.22849635458854,30.219025783035423,30.70452370114963,96.14317482108027,9.805262608471038,-0.6857039453635652,1.0611875074866983,13.195387310362069,24.025937437189352,30.70452370114963,37.22132474755142,42.157744358701905,44.762628685756546,48.71481319828278
2015/04/18,0.0,54.4964114612492,30.079347434988808,30.56513388483156,99.4753042641497,9.973730709426123,-0.7141130839430069,1.0827131100993395,13.370365085740975,23.97150652266168,30.56513388483156,37.341871608402656,41.99323356506881,45.07606731037765,48.488657713220206
2015/04/19,0.0,53.77338526595348,30.113040130992253,30.305510336675173,98.55629845065675,9.927552490450845,-0.6932469892657487,1.082405728664503,13.055043199718327,24.12443964285253,30.305510336675173,37.179482842570856,41.77354667299071,44.969801982385476,49.64611813878126
2015/04/20,0.0,54.22318274686795,30.251181546884084,30.571778772907045,95.46941460508118,9.770845132591202,-0.638840166444453,1.0590683051155767,12.871432172065,24.03665515090779,30.571778772907045,36.90808732297279,42.57687629708623,45.25472543040765,48.67296965882507
2015/04/21,0.0,53.357620428976034,30.152393800155412,30.449090691954254,100.62400823096405,10.031151889537115,-0.7097441423237122,0.9392134562953718,13.462936594378341,23.931373008092613,30.449090691954254,37.394309602470955,42.595596381565464,44.756475346236314,48.04826497085563
2015/04/22,0.0,53.97642370348407,29.921429895204685,30.40524688051233,97.07752343413433,9.85279267183342,-0.6978187097189679,1.0940112158342257,13.283230025105574,23.764330937082853,30.40524688051233,37.04756096218843,41.833357723001434,44.38090271279252,49.04854163553013
2015/04/23,0.0,53.42686451563246,30.102601065865695,30.592502006948944,92.10447958838515,9.597107876250279,-0.6728416396881125,1.0589405341429896,13.06124772816343,23.875438002808757,30.592502006948944,36.93668573097219,41.46010446640604,44.221484201041754,48.395294357196626
2015/04/24,0.0,52.60292176367604,30.01268677408463,30.332712855585,94.91166317524302,9.742261707388229,-0.6842358908180148,1.050092779101778,12.870033557389242,24.000659608587014,30.332712855585,36.870693165976256,41.96942350591475,44.266472397693335,48.512614706259
2015/04/25,0.0,52.35336866074415,29.979319815226173,30.36840315447369,95.8800307694353,9.791834903093255,-0.7390294197607984,1.0542638159131572,13.094852743731334,24.041938743411254,30.36840315447369,37.13679148714259,42.03714779433624,44.33523999356594,47.8197840534336
2015/04/26,0.0,51.61300703849405,29.761334203738937,30.339916722816078,99.1984000824692,9.959839360274302,-0.7744559913135384,1.066986265565106,13.14094917667316,23.76815552155633,30.339916722816078,36.90910469822949,41.8734658879488,44.06225267542487,48.120797669807054
2015/04/27,0.0,52.931489163500935,30.19033216981701,30.46027899331714,95.00575268092159,9.747089446646193,-0.6408349209665679,1.0175901387015878,13.1487450581607,23.961534956976593,30.46027899331714,37.11028001513729,42.22397289385368,44.70571974369396,49.44710117518706
2015/04/28,0.0,53.91742964413535,30.011543446432174,30.473689569034587,98.95895793872964,9.947811716087596,-0.6647280543364912,0.9479294231366198,13.296474121715253,23.712795870446538,30.473689569034587,37.00926999216179,42.153446770069095,44.83354208940459,48.319519242220586
2015/04/29,0.0,51.69892096065785,29.832805361084954,30.138829542017085,97.32241860753345,9.865212547509225,-0.7458531359993579,1.0132296460535946,12.94723424112485,23.946535410200664,30.138829542017085,36.89376965132551,42.01790783801953,44.05280646261751,47.726067392861594
2015/04/30,0.0,56.73369750549882,29.925990535823704,30.177239503916496,100.61967206924764,10.030935752423481,-0.6449792672293054,0.9148695505664084,13.29996823849919,23.76385838015048,30.177239503916496,37.06382661864967,42.14427138914159,44.092934759347735,49.00558964379976
2015/05/01,0.0,54.0578541929395,29.97857900663157,30.56588243639026,97.20279379313675,9.859147721438033,-0.6826873111329472,0.9504438014829284,13.49480633524879,23.598558300829993,30.56588243639026,37.09336463607878,41.88815626708348,44.363081627004945,47.85096767884359
2015/05/02,0.0,51.3626390745937,29.948084054568618,30.22918829818428,92.68023831702295,9.627057614714007,-0.6510384999407203,1.0318037067752046,12.728739331451262,23.864220777936527,30.22918829818428,36.59296010938779,41.70066867614219,44.54259629161605,48.67816507059108
2015/05/03,0.0,53.84538314631416,29.81442789712952,30.12924359309663,95.30941457823718,9.762654074494147,-0.7434052966624427,1.0389715446968375,13.134831589976226,23.823574879421773,30.12924359309663,36.958406469398,41.59619585046046,44.030104641029716,47.46908667381728
2015/05/04,0.0,52.28934908197396,29.742397481999323,30.245025719672626,96.1936052068746,9.807833869253423,-0.6529174403995573,0.99181019149098,12.989866202664619,23.384079376040116,30.245025719672626,36.373945578704735,41.99100561326344,44.542242997485644,48.772725909120346
2015/05/05,0.0,54.40558488171197,29.674291701898266,29.950628097015226,97.12166814363863,9.855032630267575,-0.665408974327295,0.9527751244386504,13.038215208508866,23.577454995020382,29.950628097015226,36.61567020352925,41.80754307729619,44.09122329003124,48.28549620403978
2015/05/06,0.0,53.27874477490444,29.56021860494524,30.15980156961269,100.55942775764635,10.027932376998079,-0.6964701198517764,0.9248417825773707,13.425457076002019,23.36827200462104,30.15980156961269,36.79372908062306,41.829028101326976,44.22092706450589,47.85617194294524
2015/05/07,0.0,52.12431529949066,29.399556300066443,30.13214669789,97.23091942455015,9.860573990622967,-0.7110605042649074,0.9611684265074691,13.085840307228565,23.433714802489668,30.13214669789,36.51955510971823,41.29668945558736,43.96394634689031,47.457368421039476
2015/05/08,0.0,51.5256955688324,29.40371438421553,30.213458569071765,97.57670661098997,9.878092255642786,-0.7539600024932692,0.9816326505656763,12.857670211402013,23.34003339686043,30.213458569071765,36.197703608262444,41.515797539656106,43.58178747762501,47.77235413481597
2015/05/09,0.0,55.29898028263996,29.488348370513584,29.90236475570801,96.33905758546058,9.815246180583582,-0.6445115648278049,0.9096773546858001,13.180764902703043,23.365543176176583,29.90236475570801,36.546308078879626,41.500117251374725,44.03951135989976,47.619954174845795
2015/05/10,0.0,55.7751465825991,29.420939371693144,29.825484647688015,96.3760455684787,9.817130210427012,-0.6710753219962111,1.0041063388416256,12.950770465539716,23.344651920205028,29.825484647688015,36.29542238574474,41.40080702021575,43.82110382231362,47.966786980276574
2015/05/11,0.0,54.24741963183105,29.46179419496223,29.656857884246467,97.53880097784422,9.8761733975181,-0.6558197292773056,0.8731046399687585,13.623223698829396,23.108290996559536,29.656857884246467,36.73151469538893,41.41070701208075,43.941838058804215,48.67948109779542
2015/05/12,0.0,54.00605322420075,29.37466798112575,29.66258283512045,99.17816082963348,9.958823265307679,-0.631930072681993,0.8796446273995251,13.265982224623993,23.174691087131738,29.66258283512045,36.44067331175573,41.80383283482509,44.44928004044194,48.832016856906776
2015/05/13,0.0,52.28723371710564,29.404880813890045,29.67946449426109,94.16448187832101,9.703838512584648,-0.5931350455654989,0.8962211093743351,13.01150493007594,23.27754920445741,29.67946449426109,36.28905413453335,41.19030794840193,44.095565362281725,49.17875470442021
2015/05/14,0.0,55.68220358618728,29.385093910224487,29.911316911785693,93.87097639645383,9.688703545699694,-0.6367202754008044,0.9054029648625694,13.201028131938838,23.242251579125398,29.911316911785693,36.443279711064235,41.23551282309748,43.63965667826867,47.75987548223511
2015/05/15,0.0,52.72322981462466,29.127183492309747,29.34547546765076,96.05033884003191,9.800527477642818,-0.6681911093127295,0.9385843129902955,13.08245965894556,23.11222218322019,29.34547546765076,36.19468184216575,41.02298120705765,43.382571114773725,47.77699498696477
2015/05/16,0.0,55.56315337714023,29.222219055496534,29.58484148662595,95.5199485610486,9.773430746725973,-0.6303213242116298,0.8957571882543967,13.189248142599272,22.972072111719985,29.58484148662595,36.16132025431926,41.12509945194623,43.778090582143726,47.98910886442494
2015/05/17,0.0,53.46760386016924,29.23297031083281,29.63443510565623,91.44593582483719,9.562736837581445,-0.6367843106837179,0.8734343524752446,13.162398210336278,22.96099202829508,29.63443510565623,36.12339023863136,40.73889233385365,43.3139688217792,47.71360000779915
2015/05/18,0.0,58.10657326497071,29.30820519797223,29.55673258567455,91.6240643376828,9.572045984933565,-0.5361165223801597,0.8587878886441427,12.73906574746806,23.147723202845924,29.55673258567455,35.886788950313985,41.51201302629125,44.12371041702512,47.9495338006783
2015/05/19,0.0,54.03645493697696,29.073743542195043,29.59574197974437,98.63605514238053,9.931568614392216,-0.6806188532120695,0.8233131497676944,13.402414936396774,22.97411396968407,29.59574197974437,36.37652890608084,41.25649720910416,43.475946432678086,47.66964060627192
2015/05/20,0.0,57.61717791024631,29.24465976130852,29.4070031015262,95.50222591839923,9.772524030075303,-0.5207769773858861,0.8446229785225983,12.834592688972503,23.08826445446667,29.4070031015262,35.922857143439174,41.12331167996244,44.34189854351175,49.488287997520466
2015/05/21,0.0,54.80028898044287,29.003520937126602,29.422812866074597,98.40870340006326,9.920116098114137,-0.6400490999835559,0.8525180543999968,13.065347732701042,22.950487123025965,29.422812866074597,36.01583485572701,40.85262877191512,43.53523082459932,48.47522295697431
2015/05/22,0.0,53.519386915772046,28.992922195799828,29.37404523107823,91.8900600479442,9.585930317290241,-0.5983841323549517,0.8820641147492485,12.799839579182358,22.937858326260166,29.37404523107823,35.73769790544252,40.68673490155725,43.681482172603616,47.593266121963296
2015/05/23,0.0,51.13070432206892,28.802042419885503,29.46866407245087,89.4253442238464,9.456497460679953,-0.6551595055793492,0.9078172607017194,12.730404544960791,22.69244318927265,29.46866407245087,35.42284773423344,40.46900172005719,42.44942341405911,47.41533122656915
2015/05/24,0.0,53.121514072852165,28.80255874466443,29.328572752986517,94.67515476190268,9.730115865800503,-0.5855753809588329,0.7756755970054829,13.133335067166115,22.59576536941286,29.328572752986517,35.729100436578975,40.7078613053844,43.56275875422489,48.16663538059503
2015/05/25,0.0,57.60541208744061,28.818251648603187,29.11653208049117,94.85077265282891,9.739136134833977,-0.5981422270848881,0.7695072839280588,13.446707271991297,22.518243325916,29.11653208049117,35.9649505979073,40.80787448578709,43.193572577622085,46.28489844780965
2015/05/26,0.0,52.169987152826906,28.801316879560893,29.205060462159075,93.44417272068384,9.666652611979176,-0.5567594726434875,0.7736914346022883,13.174984098539337,22.36569332271875,29.205060462159075,35.54067742125809,40.790719934223546,43.70055661886746,47.84013918264945
2015/05/27,0.0,51.045029171991565,28.531850303842187,28.873812877632965,92.63740127326679,9.62483253221929,-0.6494307101132553,0.8378103737869682,13.146831496125976,22.471127136609248,28.873812877632965,35.617958632735224,40.1077540763645,43.16461159367922,46.74038502725551
2015/05/28,0.0,50.81889795203317,28.440480632646032,28.858887542719714,94.99686175102184,9.746633354703656,-0.6359348483776028,0.7899072068616855,13.195123254568038,22.309986279631964,28.858887542719714,35.5051095342,40.23291687548962,42.913549571876814,46.63900268664399
2015/05/29,0.0,53.66184119099482,28.659142586791376,29.02973793021472,92.53132925578844,9.619320623401032,-0.6229114272562544,0.8739213671396602,13.441107199751613,22.34232916400496,29.02973793021472,35.78343636375657,40.55651806727168,42.962019922042934,46.92492135945895
2015/05/30,0.0,52.06898136019716,28.575928847629804,28.75779998884516,94.77129835212233,9.735055128355583,-0.5653934704119733,0.6941096532436535,13.147357708797799,22.386777768786665,28.75779998884516,35.534135477584464,40.807438673668806,43.4429025245037,46.473946741748975
2015/05/31,0.0,52.96469400943766,28.252251066832482,28.60241645355165,98.03471583236957,9.901248195675613,-0.5745082600229744,0.7016964849864333,13.249790144351735,21.811212743531073,28.60241645355165,35.06100288788281,40.46065179751349,43.08946728852544,47.08349932579533
2015/06/01,0.0,52.510836015582704,28.253532835125156,28.51033449628745,98.00500542162725,9.899747745353274,-0.5679739436571853,0.7080514924154966,13.144634661927082,21.965248316667694,28.51033449628745,35.109882978594776,40.48622939155597,42.94747406972996,48.084714264345365
2015/06/02,0.0,55.45792697022893,28.541074669983985,28.882004098980328,95.51189940143013,9.773018950223626,-0.5057560423066644,0.7315824377734432,13.15089990584282,22.193085990705804,28.882004098980328,35.343985896548624,40.55849593916775,44.10970467474269,47.673891270186054
2015/06/03,0.0,56.28645870859817,28.228006648715496,28.320058060241085,94.8663535066479,9.73993601142471,-0.5379469139442172,0.7275926618759789,13.354779028481076,21.79452114710213,28.320058060241085,35.14930017558321,40.09806537923873,42.54096594279208,47.98501769185083
2015/06/04,0.0,50.37385759781529,28.032691352746834,28.521776080172522,92.58475819707732,9.622097390749968,-0.5705305838738742,0.6941929738981232,12.947416545673946,21.85210040812028,28.521776080172522,34.799516953794225,40.00269660936719,42.510143275011735,46.85209663135655
2015/06/05,0.0,53.58420852644976,28.204717705498098,28.7533371877796,95.23695891474912,9.758942510064763,-0.5361739856728861,0.6505989777822196,13.337914040272313,21.77189428370465,28.7533371877796,35.109808323976964,40.43195517963507,43.01940752596954,47.21464440642206
2015/06/06,0.0,55.850184344111206,27.96777437195083,28.280863230083305,92.97022647602459,9.64210695211501,-0.5587205799398574,0.7811204775375833,12.577165268761942,22.00341235057188,28.280863230083305,34.58057761933382,39.42698267927685,42.52478135967152,47.767267444659254
2015/06/07,0.0,50.509438952174186,27.833962753223894,28.627324965343156,92.90221459137032,9.638579490327935,-0.6562302127727992,0.719107905449555,13.124358351571036,21.76574478021271,28.627324965343156,34.89010313178375,39.366212710805534,41.79279080595191,45.65267604250577
2015/06/08,0.0,52.81486515081424,28.12725966552984,28.37565745935002,92.42772442843459,9.613933868528251,-0.5270620705613641,0.6409549447691902,13.198064451206815,21.824407679426404,28.37565745935002,35.02247213063322,39.99093718194119,42.82067343016521,46.445180345585015
2015/06/09,0.0,51.878605788653765,27.96533329834158,28.40250832530098,91.65609924469943,9.573719196043898,-0.5875310156771693,0.6687598941707269,12.991972614827553,21.89165375677466,28.40250832530098,34.88362637160221,39.775153029032275,42.16296296746716,45.97554062486287
2015/06/10,0.0,51.46299415288783,27.69584797791125,28.006732694511527,91.68979856619973,9.57547902541694,-0.5494727707311742,0.6845002758745395,13.290489103676393,21.354927056612254,28.006732694511527,34.64541616028865,39.2675784043671,42.008461147070975,46.49542636020322
2015/06/11,0.0,54.35808893576488,27.667106155888707,28.20826604675656,95.06828980963897,9.75029690879406,-0.5998173450546695,0.5904670582492013,13.439005231725943,21.333654694516355,28.20826604675656,34.7726599262423,39.9323292906974,41.96324932459967,45.552054890303395
2015/06/12,0.0,49.64133516349463,27.664757316040742,28.079383095418745,90.11892024694463,9.49309855879231,-0.581924363428497,0.5915235573106008,13.146902520662096,21.563767046620903,28.079383095418745,34.710669567283,39.70623161343161,41.85765387885055,44.69225525669397
2015/06/13,0.0,51.50689684112006,27.5580337022056,27.95713043639464,93.12266462491561,9.650008529784603,-0.5532552600955264,0.5981223335765873,13.311916347369802,21.233164645232677,27.95713043639464,34.54508099260248,39.349688641779075,42.03148812622355,46.126479411940444
2015/06/14,0.0,50.964604594595286,27.4560791919873,27.78304407689584,94.19943699249228,9.705639442741127,-0.5969714540565979,0.6356953382205179,13.246001477661103,21.188555908006364,27.78304407689584,34.43455738566747,39.29167845771395,41.70240128427928,46.359683331060566
2015/06/15,0.0,52.16375825624738,27.545761246528944,27.94487537444599,89.46699617001528,9.45869949676039,-0.5331702799050063,0.5916899144296766,12.76229297118633,21.495014730257704,27.94487537444599,34.257307701444034,39.244344244932094,41.45432345584667,46.38410480173971
2015/06/16,0.0,49.585996762885856,27.518562676485608,27.6683076152882,92.99434360421141,9.643357486073583,-0.5034874764930414,0.5084568862642418,13.429343848013229,21.157091729025,27.6683076152882,34.58643557703823,39.54600811298092,42.4609909442864,45.71946346955142
2015/06/17,0.0,51.152533650537066,27.31882337062689,27.537766747627035,93.02035060994096,9.644705833250745,-0.49733910290870215,0.5251445679552607,13.314800611658967,20.964756096392264,27.537766747627035,34.27955670805123,39.34471888098428,41.510894292681826,46.47736411146427
2015/06/18,0.0,50.28486887702892,27.3888707142403,27.7100253428966,89.89115793756989,9.48109476471836,-0.5620756525600612,0.6180383517665735,12.968962296488908,21.4395518817682,27.7100253428966,34.40851417825711,38.87379543061542,41.58903650914596,45.23643199571609
2015/06/19,0.0,54.12682023131692,27.140079663274793,27.59779725354702,94.79830653453924,9.736442190787107,-0.5661642368210729,0.5604920217165272,13.023093021795152,21.049308058161312,27.59779725354702,34.072401079956464,39.46675668938358,41.4366078808028,45.481585528480196
2015/06/20,0.0,54.521167331631744,27.057908431723444,27.362286005681014,93.17385045041685,9.652660278411172,-0.4977838728449161,0.539121127011871,13.162347239900654,20.78383651865056,27.362286005681014,33.946183758551214,39.28957824209757,41.38990301079953,46.19530804486195
2015/06/21,0.0,51.130534849984656,27.083599789219516,27.41174735241941,90.11844419356777,9.493073485103114,-0.5176683399742903,0.5961559304993527,12.990187180969272,20.770580525589104,27.41174735241941,33.760767706558376,38.83092930961928,41.481948794096695,46.00145705372633
2015/06/22,0.0,52.01010949013039,27.00917573106359,27.252887971881147,90.45970079352874,9.511030480107229,-0.4890513242895909,0.49786389020282584,12.839564767317675,21.04145855252728,27.252887971881147,33.88102331984496,38.92304388407764,41.09646684454475,45.10412633076731
2015/06/23,0.0,52.21168163048395,26.869937792399877,27.022608818429443,95.59602795550508,9.777322125996722,-0.4999234133446405,0.49423187008814207,13.030214176430256,20.61949001168123,27.022608818429443,33.649704188111485,39.26670777746038,41.65457103911119,46.14130468359927
2015/06/24,0.0,52.17019298392832,26.809990205158368,26.905651299557107,94.11545217284318,9.701311878959627,-0.5329741808888738,0.455561147279818,13.622622533855576,20.363774739369973,26.905651299557107,33.98639727322555,38.827448230732514,41.257850191309096,45.187121089257516
2015/06/25,0.0,52.52697240943712,26.76900887495335,27.19763171887309,92.04688919039417,9.594107003280408,-0.5052842180409997,0.5267379351997983,12.936452349000561,20.53904588443268,27.19763171887309,33.47549823343324,38.89392893035923,41.2782324401601,45.43917981987103
2015/06/26,0.0,51.061779242489386,26.699406211617255,26.917407302210044,92.72301821336782,9.629279215671744,-0.48939006427696513,0.4520025468838975,13.28935667650207,20.38489272199666,26.917407302210044,33.67424939849873,38.6043564041326,41.432082205695465,45.10721461856263
2015/06/27,0.0,50.89944755050957,26.677335131457788,26.921246717012128,90.25008946535694,9.50000470870183,-0.4962255881973174,0.4426856138742816,12.96821829598035,20.48236921903211,26.921246717012128,33.45058751501246,38.75305573346935,41.37063557167314,45.14642193314554
2015/06/28,0.0,53.28524106763906,26.445992833913,26.847587779674974,94.84514326301193,9.738847121862625,-0.5527761355438882,0.4875581964720732,13.374993997493995,20.15017701964169,26.847587779674974,33.52517101713568,38.447773765403994,40.528106265645704,45.52744703022704
2015/06/29,0.0,50.00572412680398,26.39219254137245,26.595832007985475,89.40931815272889,9.45565006505258,-0.4932041176487845,0.4437027685822552,12.74051268423187,20.423476179991933,26.595832007985475,33.1639888642238,38.14692454106201,40.42184592208698,44.64660891583117
2015/06/30,0.0,49.98195851246537,26.431130310786745,26.775366866146623,89.2650598006004,9.44801882939489,-0.5132735996627003,0.4777092989123819,13.17170816672839,20.198933256744173,26.775366866146623,33.37064142347256,38.13785554231436,40.41682193547398,44.852134660729206
2015/07/01,0.0,51.59239396362213,26.399478920682647,26.526816370368294,91.03008360556842,9.540968693249571,-0.47446400050154885,0.48676896447376805,13.17812989300662,20.134777965950846,26.526816370368294,33.312907858957466,37.82306796436767,40.521081950141266,46.01459878908427
2015/07/02,0.0,48.786383853547946,26.301336424206283,26.300144047913804,91.18582983357268,9.549127176531512,-0.43296472431239336,0.3849661861391569,12.985910374732363,20.17006841270272,26.300144047913804,33.15597878743508,38.52615746119522,40.927707874629334,45.528441773630504
2015/07/03,0.0,52.66381704690575,26.005224202123493,26.32790879115557,95.18329318765109,9.756192555892442,-0.5183791927768517,0.3749948258546181,13.271225668003986,19.932982255375983,26.32790879115557,33.20420792337997,38.0533795801479,40.440492351186954,44.52374693074796
2015/07/04,0.0,50.65299762612733,26.251170776850238,26.24917273588596,91.72852239867252,9.577500843052562,-0.41059471983821905,0.3399578100355929,13.402504550338342,19.77993216949713,26.24917273588596,33.18243671983547,38.54345010892088,40.97762672888185,44.818791585831484
2015/07/05,0.0,52.0305529987215,26.100036851004326,26.4061358452268,90.22149723176793,9.49849973584081,-0.5030927273442363,0.41628153432094583,13.330944824044693,19.865980241028176,26.4061358452268,33.19692506507287,37.80393750572945,40.147742911126606,44.17174482983735
2015/07/06,0.0,56.47245688157635,25.969886937628992,26.015260230548975,90.27517771767089,9.501325050626933,-0.449522035147743,0.37348510963022274,13.451658328321031,19.759750234993405,26.015260230548975,33.211408563314436,37.38871171535165,40.0766328673261,43.99513027034212
2015/07/07,0.0,50.95120190125428,25.887816369054672,25.85012175649365,90.42145328268869,9.509019575260568,-0.40743272451041623,0.31365813043883506,13.57723255577163,19.402152671818236,25.85012175649365,32.979385227589866,37.87276737009476,40.15738264979404,44.79598044699055
2015/07/08,0.0,47.482605880080335,25.977886951031106,25.94742599451301,86.75025078621118,9.313981467998055,-0.4441433884907646,0.35068813968187174,13.215370169802998,19.7889723137696,25.94742599451301,33.0043424835726,37.59905045675877,40.428515003438136,44.33649708854032
2015/07/09,0.0,46.46636150538515,25.92591487014568,26.356096701072694,88.57952564715218,9.411669652466143,-0.4873571568392806,0.25503804007288355,13.265295458497889,19.649585383738355,26.356096701072694,32.91488084223624,37.81515500104889,39.815256629752824,43.63134365220094
2015/07/10,0.0,49.17389756879446,25.960937049231443,26.16550170489189,91.42748414892857,9.561772019292688,-0.45258610199648885,0.2770456229650575,13.574013153963708,19.444489096600226,26.16550170489189,33.018502250563934,38.02794277527536,40.432501722425464,44.82818557584735
2015/07/11,0.0,47.29458258853569,25.787529515841243,25.88003482752417,89.2244113206275,9.445867420233437,-0.4514051200321659,0.261599881679357,13.388124556175342,19.34068223048692,25.88003482752417,32.72880678666226,37.64677784303358,40.28739996351441,44.2558260897172
2015/07/12,0.0,50.02499741549925,25.50954580392524,25.744842605432737,88.43449456356433,9.403961641965813,-0.47857593681557875,0.3321060383386252,12.595805552785844,19.48448457648289,25.744842605432737,32.08029012926873,37.322826776464,39.68752065964473,43.30747173840852
2015/07/13,0.0,47.72077508339862,25.701148288578537,26.170771966260236,89.02922849438075,9.435530111995867,-0.4362308459509779,0.28291019707120624,13.130130912935662,19.341313725126007,26.170771966260236,32.47144463806167,37.7427554128144,40.25885816236217,43.747369867339245
2015/07/14,0.0,48.27706851737065,25.610715624348174,25.776620555041667,89.85953553952042,9.47942696261332,-0.4465881937820009,0.2627635575321774,13.272515550128617,19.412869362789195,25.776620555041667,32.68538491291781,37.37334422157516,39.64743074273216,44.12731479325014
2015/07/15,0.0,47.99484472354306,25.480314950735522,25.695208549643507,92.24319525609376,9.604332108798287,-0.4087928969900122,0.2599741621466318,13.294388978598455,18.96662493646175,25.695208549643507,32.261013915060204,37.60316476305045,40.22481109452947,44.978792237924104
2015/07/16,0.0,52.3401445445172,25.55548013028918,25.82236179714318,88.51939049597223,9.408474397901726,-0.41305591854461676,0.2378947993675622,13.280453099622061,19.20266581097763,25.82236179714318,32.48311891059969,37.21482309075461,39.58146631687407,44.57072307639877
2015/07/17,0.0,47.22566542055583,25.27788228721359,25.360160736815292,90.22082453104159,9.498464324881237,-0.41261283453704306,0.23726768196704429,13.491672546983914,18.739871612394616,25.360160736815292,32.23154415937853,37.180075177783436,39.447736922190515,44.476160012318914
2015/07/18,0.0,49.95959662787424,25.189941627118415,25.160356146062355,89.8364625445421,9.478209880802497,-0.35376451177430734,0.15395986668895967,13.41060955761376,18.757139403743516,25.160356146062355,32.167748961357276,37.36406849232568,39.93740973607532,43.68902765582966
2015/07/19,0.0,48.05335515699137,25.135496004220855,25.21863241973985,91.61954236677248,9.571809774894843,-0.4301686352603165,0.16241909774060526,13.564565394475721,18.754625868748377,25.21863241973985,32.3191912632241,37.24630518657023,39.39451771737229,43.58138558313876
2015/07/20,0.0,49.10769242294202,25.06634720508374,25.501524894994997,86.79658794009076,9.316468641072687,-0.4683886572938795,0.2155290372420695,13.279407152712654,18.82106859847121,25.501524894994997,32.100475751183865,36.955201792055476,39.24532467591232,42.20023639812473
2015/07/21,0.0,51.469082969834105,24.915510920350002,25.25787166877952,90.18456365975963,9.496555357589385,-0.4235087380066204,0.23323196164666005,12.885232770012998,18.733321316916552,25.25787166877952,31.61855408692955,36.799455842726665,39.142720667272876,43.752328936846446
2015/07/22,0.0,48.08562440826998,25.28690314159253,25.703675219612748,88.41941149923048,9.403159655096285,-0.3957362276250251,0.17180495660056083,13.459371970576953,18.55453189332176,25.703675219612748,32.01390386389871,37.20514509893806,39.76270652346018,43.75663142547407
2015/07/23,0.0,51.76335425497648,25.077577198540897,25.17019233042807,91.50442326997896,9.565794440085934,-0.33142722326438756,0.10423897256130266,13.70430597732435,18.515177081621122,25.17019233042807,32.21948305894547,37.36285443585104,39.53578618345118,43.78494362577284
2015/07/24,0.0,49.12780542884093,24.898563640449996,24.993914191586548,89.58556510112409,9.46496513998462,-0.3836955758477751,0.17859048420179224,13.441382885847101,18.461820555978935,24.993914191586548,31.903203441826037,36.60218555447837,39.81389694623162,43.708736163803344
2015/07/25,0.0,48.13408934957623,24.848130764062024,25.171753528766395,84.19554443271878,9.175813012083387,-0.373485436521737,0.14032583684167665,13.404506693746484,18.30045035681011,25.171753528766395,31.704957050556594,36.45621060024536,39.174270130240984,42.96758527759553
2015/07/26,0.0,50.24917904175127,24.69683300138629,24.939783687314343,89.86842668261993,9.479895921507785,-0.38765690136993974,0.17793521622854014,13.543375270334629,18.18297727394758,24.939783687314343,31.726352544282207,36.40485256854221,39.16939163346567,43.37274463019419
2015/07/27,0.0,47.82930044816165,24.616897448392905,24.691291955806875,91.33272016683232,9.556815377877314,-0.40112585232180825,0.15534354690971597,12.819693111745053,18.480884012062337,24.691291955806875,31.30057712380739,36.82233991044264,39.108661940416354,43.3633489854284
2015/07/28,0.0,47.61176048312424,24.693760633381594,24.914000381998143,86.83489325551226,9.318524199438034,-0.43195769816176893,0.1552283492894806,13.332489241889707,18.37514283514419,24.914000381998143,31.707632077033896,36.244354976992774,38.64762736917017,42.3143674876204
2015/07/29,0.0,49.99497385458802,24.574401063902794,24.707565134275736,84.3985446727545,9.186868055695287,-0.3722106546280846,0.15208039072286672,13.045774519913287,18.314709375618914,24.707565134275736,31.3604838955322,36.096584910984205,38.54650066051202,42.4092168133232
2015/07/30,0.0,46.69936027065313,24.778888438240212,24.717213055020295,83.58745903039258,9.142617734018664,-0.3378536520219929,0.15119759228895235,12.855364296068117,18.488096321107093,24.717213055020295,31.34346061717521,36.45669945791216,38.968421982837505,43.75553636939399
2015/07/31,0.0,49.545319476568345,24.6297813598884,24.720178835266893,84.83911686416836,9.210815211704572,-0.3166389967751197,0.12147252945718368,12.740591471652671,18.39799268702621,24.720178835266893,31.13858415867888,36.75512985245823,39.00837123729367,42.86607489901565
2015/08/01,0.0,49.41442462127668,24.48713866191164,24.818876569349122,86.75833655129149,9.314415523868982,-0.36945259393596636,0.12085122628129819,13.30177200899806,18.139761536050788,24.818876569349122,31.44153354504885,36.24447879248845,38.95200670263173,42.98192817966026
2015/08/02,0.0,49.17345272422439,24.34460448377774,24.684028367749697,87.83038957516081,9.37178689339236,-0.38935889874739193,0.1076542569759944,13.118572777851128,17.99049002715889,24.684028367749697,31.10906280501002,35.98660003145392,38.57461261810344,43.00478723722375
2015/08/03,0.0,48.97345342703287,24.33283411461154,24.52194173317684,84.35682771208921,9.184597308107156,-0.3205249949740013,0.08654658696798911,13.222673784106131,17.933528079894085,24.52194173317684,31.156201864000217,35.650356520765044,38.99241791416491,42.47520921513584
2015/08/04,0.0,48.4701821844225,24.137474888349878,24.16452940267353,84.85043870531574,9.211429786157833,-0.3196342086904309,0.08779118571069588,13.223243544194546,17.496545293185207,24.16452940267353,30.719788837379753,35.97615598138174,38.18490067609224,42.371162159746426
2015/08/05,0.0,48.2198106442217,24.2317810398593,24.609817188073983,86.83796477724489,9.31868900528636,-0.34881013377278075,0.11494433534237469,13.129538403247409,17.732491282146185,24.609817188073983,30.862029685393594,35.94313518663795,38.51438983684233,43.05293337791484
2015/08/06,0.0,47.12095496746428,24.245019247310577,24.1798540594254,85.23803781347483,9.232444844865029,-0.3262480840421024,0.025426745612958435,13.251399282550612,17.838556779060546,24.1798540594254,31.089956061611158,35.86023310036633,38.59110277646563,42.159488811299475
2015/08/07,0.0,45.99668490395442,24.214470786355022,24.264611736148503,82.93365436437199,9.106791661412487,-0.30066691465276923,0.016833554381119775,12.922647125263591,18.026482085199145,24.264611736148503,30.949129210462736,35.86322284164053,38.55462443407985,42.69882616837562
2015/08/08,0.0,46.47297069559308,23.82629535226366,24.08638914771618,85.19851303340073,9.230304059639678,-0.3738562157010045,0.10119788514187134,13.235995011492669,17.432132035365377,24.08638914771618,30.668127046858046,35.126222047324084,37.5234430318807,42.78306210773095
2015/08/09,0.0,53.005340392596814,23.940447309701216,24.137445343682288,81.5793768083985,9.032130247532887,-0.2917056467166883,0.1816753058625955,12.697626862852513,17.617673373154773,24.137445343682288,30.315300236007285,35.30002342542443,38.01109806032687,42.61006630615135
2015/08/10,0.0,47.37256549843258,23.86068495142118,24.00797026829117,85.73064179702142,9.259084285015524,-0.2779277539157182,0.03741604507584295,13.033191630302124,17.684786902222957,24.00797026829117,30.71797853252508,35.70366119675236,38.514663309871544,42.3497978030006
2015/08/11,0.0,47.50152825565603,23.914097242348433,24.017907091273855,83.88932599670451,9.159111637964925,-0.3410399112431315,0.07501931037147891,12.860437281252437,17.622639377679004,24.017907091273855,30.48307665893144,35.842006288464425,38.182009913555746,42.513248116239694
2015/08/12,0.0,48.27582433279829,23.908735646351584,23.97989118604113,86.28036070761914,9.288722232235129,-0.25545934063832054,0.05902851047140523,13.34885680634897,17.407208527745368,23.97989118604113,30.756065334094338,35.47730778733568,38.41099499590122,43.24384618109161
2015/08/13,0.0,46.44332129600268,23.847056395310677,23.85499900381922,85.64161150803604,9.254275309716911,-0.30941273467146024,0.008855820266101766,13.210695643775015,17.217176933433024,23.85499900381922,30.42787257720804,35.55297725850311,38.56226878414665,42.09132651145842
2015/08/14,0.0,51.10664756871737,23.79658624278213,24.037238297339428,84.20893512520075,9.176542656425717,-0.3177414120388648,-0.001433960421199032,13.058960195031922,17.60740490567771,24.037238297339428,30.666365100709633,35.40356106331329,37.70623650394124,41.883801341598364
2015/08/15,0.0,48.341675032305616,23.637707949314827,23.76104794470414,86.3024291334795,9.289910071334356,-0.32085444623660414,-0.007940152978727522,13.31364276556478,17.345560986024413,23.76104794470414,30.659203751589192,35.541624251018405,37.98154481048501,42.03067743953976
2015/08/16,0.0,45.91434609721942,23.644298003853624,24.055742758731043,85.35582607536699,9.238821682193405,-0.3009720247640874,-0.0044143820604083395,13.125867269123024,17.135382281458043,24.055742758731043,30.261249550581066,35.688693400419,38.06580804875147,42.0422776026436
2015/08/17,0.0,45.6782716737636,23.765772977096564,24.2663918598726,80.24852216672413,8.958153948594774,-0.3090133550604364,0.048638970813502436,12.739684987469055,17.4759261748109,24.2663918598726,30.215611162279956,35.377876683510564,37.87655770224409,41.738037308618004
2015/08/18,0.0,49.7861075767602,23.810679564208034,23.703403944465407,86.15739622822814,9.282100852082364,-0.1991153207987875,-0.014779117144042342,12.976937020957976,17.254126506588438,23.703403944465407,30.231063527546414,35.71231771128129,38.69384051592148,43.40100562239452
2015/08/19,0.0,46.83809090842298,23.63734065367481,23.90774252630408,84.57149971260452,9.196276404752334,-0.2766100038301575,-0.020962215472602352,13.04073996855746,17.06286121847374,23.90774252630408,30.1036011870312,35.392963026843525,38.47392142601987,41.87845515060336
2015/08/20,0.0,48.66087559654351,23.79182042553925,24.046585501793693,79.93334918457575,8.940545239781283,-0.25612272887811394,-0.14144372762406832,13.147029209047048,17.18643302187268,24.046585501793693,30.33346223091973,35.397545982156934,37.65014703836737,40.80418716713693
2015/08/21,0.0,46.34122847504228,23.35978228678557,23.6530032163586,83.53222955353827,9.13959679381636,-0.29821958816297484,0.006595889510557118,12.673798722514778,17.21181740162536,23.6530032163586,29.88561612414014,35.030385318508564,37.59337577401583,41.92536200360002
2015/08/22,0.0,45.14382767882186,23.564607651827785,23.835483509956703,83.45691707899302,9.135475744535313,-0.3002918475922544,-0.10153535140578462,13.374067928855705,17.202742279759473,23.835483509956703,30.57681020861518,35.248053649766206,37.672435837410255,41.55538811278046
2015/08/23,0.0,48.97353052576874,23.506443523306764,23.752127956727577,83.98600608865418,9.164387927660755,-0.21628298273273636,-0.061052472078484854,13.224150499522423,16.98874140209793,23.752127956727577,30.212891901620353,35.09956097355822,37.8027830424298,42.144504735552225
2015/08/24,0.0,48.48789832583475,23.2355824621247,23.57308760312308,84.67006142832886,9.20163362823846,-0.3395334111784336,-0.01736363722146228,13.28256177439755,16.7661663691988,23.57308760312308,30.04872814359635,34.8806779864185,37.28664187295245,40.858714096087986
2015/08/25,0.0,49.93332210293087,23.13072756200313,23.450281802013176,83.32827972167709,9.128432489846057,-0.2973263133441994,-0.02786785089020638,13.09063034140965,16.736919380301728,23.450281802013176,29.827549721711378,34.85903301050302,37.39990825869309,41.21278034334026
2015/08/26,0.0,47.36224533886822,23.261150787881796,23.634747207224816,83.8240145610464,9.155545563266363,-0.2815236822510166,-0.07429796181577197,13.104140505787946,16.778127944598435,23.634747207224816,29.88226845038638,35.01411297613448,37.62590415780403,41.45463608883544
2015/08/27,0.0,45.59711063462163,23.148580368051253,23.25950938225589,85.27339917754618,9.23435970587816,-0.2605805808953364,-0.10519138813392725,13.476956096280713,16.694847893204066,23.25950938225589,30.17180398948478,35.066062576704695,37.65841626532179,41.608220423112044
2015/08/28,0.0,46.29281139897103,23.14827410959262,23.42669010847891,84.44514359102682,9.18940387571614,-0.3057140687820724,-0.08194548323114859,13.32582659242982,16.456633789858287,23.42669010847891,29.782460382288107,34.87484828294092,37.37968193456668,41.28096094479261
2015/08/29,0.0,48.24601513967362,23.073059103185084,23.206279301124844,83.60426750617016,9.143536925400923,-0.21650422194999552,-0.03561085869286762,13.175373693498202,16.549123376102603,23.206279301124844,29.724497069600805,34.69299166506708,37.33795394233771,42.86444228271033
2015/08/30,0.0,47.59021081437694,23.198285627158963,23.282417176769904,86.05176473541843,9.276409043127542,-0.2595073282402753,-0.08945820551947481,13.321498618264211,16.75318383748609,23.282417176769904,30.074682455750303,34.89690259884819,37.24539604082713,41.97116832997904
2015/08/31,0.0,48.08377609986611,22.97698995672341,23.299119743605672,84.60082011516383,9.197870411957533,-0.2727070825599043,-0.05271520251717865,12.93214835638651,16.645269982013453,23.299119743605672,29.577418338399962,34.808528276750614,37.194368661327736,42.298215444350475
2015/09/01,0.0,46.73567698688359,23.06165441579829,23.045038417408907,84.12220098803984,9.171815577520071,-0.2197082721483967,-0.07404165285161479,13.275647509392588,16.477872281239417,23.045038417408907,29.753519790632005,34.92182073898187,37.75617294531922,42.050648892006414
2015/09/02,0.0,55.55813514440584,22.98330171668782,22.953923188929842,85.88388318935434,9.267355781956056,-0.23137343187126572,-0.0586672691416914,13.450019559662284,16.42885369466848,22.953923188929842,29.878873254330763,34.61300136395546,37.72784457912049,41.36468621464618
2015/09/03,0.0,50.5432900966121,23.146385678291345,23.337201953315116,83.24695656323152,9.123977014615475,-0.25456803023118557,-0.12522428801732044,13.618794215319486,16.4133045118457,23.337201953315116,30.032098727165184,34.559793293772294,37.251040736613504,41.1213277019148
2015/09/04,0.0,47.72771946964236,23.01399903659376,23.22636891117697,81.36374751576137,9.020185558832,-0.24823493646099012,-0.0651818634502015,12.811794734363666,16.744352991768473,23.22636891117697,29.55614772613214,34.50593160180439,36.85809504191744,41.607080739442125
2015/09/05,0.0,46.40602804140249,22.812506500393024,22.827642697617502,82.55732477467541,9.086106139302766,-0.2909053651117024,-0.11403403066718987,12.890035880367734,16.679497950240826,22.827642697617502,29.56953383060856,34.439106267747626,36.73490106183933,40.54301925904399
2015/09/06,0.0,49.7314255906926,22.82957200793577,23.04694125239825,83.18655590686157,9.120666417913856,-0.2711043042671989,-0.10308568270933893,13.177247639458301,16.39759864001853,23.04694125239825,29.57484627947683,34.25573268184806,37.07538171985505,41.15177212135123
2015/09/07,0.0,47.54887068165854,23.042794526417154,23.14979068091973,82.71183535960039,9.09460473905273,-0.19114909719961068,-0.13004467908590334,13.186880352399843,16.46297375428143,23.14979068091973,29.64985410668127,34.739604268743065,37.650126267726144,41.77505004642734
2015/09/08,0.0,47.03741807335524,22.65438975312212,22.7169872664046,86.83502612940923,9.318531328992204,-0.24135625631195082,-0.05978314605567592,13.026963557498714,16.215839095945054,22.7169872664046,29.242802653443768,34.46982666568951,36.85295298237592,42.550574715015344
2015/09/09,0.0,47.640029791930445,22.834049465338072,22.91722374755185,81.49402045911549,9.027403860419422,-0.21269500538690142,-0.17203471664264702,13.23393081674352,16.307592370964812,22.91722374755185,29.541523187708332,34.79189708159374,37.12424005471084,40.89747300215641
2015/09/10,0.0,46.797280964692895,22.73711905564805,23.04473727326847,87.79826071747955,9.370072610043081,-0.21166048169343968,-0.13561948022730652,13.309609213535042,15.989546124234609,23.04473727326847,29.29915533776965,35.25617501303297,37.7163833630709,41.69741234179901
2015/09/11,0.0,45.1173004620528,22.827358335365123,23.061773718343776,83.36933172381406,9.130680791913276,-0.2562320802499371,-0.17273545781305977,13.150042630033354,16.137890025066383,23.061773718343776,29.287932655099738,34.835053482173116,37.045404461775234,41.47422239151672
2015/09/12,0.0,46.30473462081735,22.568885847161848,22.61358623443052,81.48354959155789,9.026823892796285,-0.21354830463086527,-0.1449618325405475,13.165403084048613,16.045838952782514,22.61358623443052,29.211242036831127,34.16599455061579,36.97082492920484,40.91555528249777
2015/09/13,0.0,48.914076502826845,22.78034753219383,22.78740540317457,83.99796250731568,9.1650402348989,-0.22078319052838627,-0.11223866003616356,13.155046459142746,16.291518983128974,22.78740540317457,29.44656544227172,34.623881726598825,37.13657350861323,42.3351149153182
2015/09/14,0.0,45.4112647266379,22.800903545440857,22.859306066296057,82.78703053425976,9.09873785391467,-0.22605411259045124,-0.15721615628810293,13.178185536138919,16.36006967729334,22.859306066296057,29.538255213432258,34.238101949270416,37.0126586195731,41.631232870513486
2015/09/15,0.0,44.97312088520189,22.616755579767446,22.78100905891631,83.38458039754171,9.131515777653878,-0.2567288103388377,-0.1298983528467632,13.195773229177615,16.241315781749588,22.78100905891631,29.437089010927203,34.39777326083794,36.6198693576452,41.50769892899412
2015/09/16,0.0,44.14253696580251,22.33718087551687,22.517925327034476,81.05877668546539,9.003264779260098,-0.3185780530358312,-0.05548550839133881,12.699809893718896,16.100868407010665,22.517925327034476,28.80067830072956,33.85534886367945,36.1103327772298,40.62840526458609
2015/09/17,0.0,46.85023393737928,22.477870413614916,22.37566876405826,82.91665598803338,9.105858333404566,-0.21317987111850342,-0.13191761245945877,13.081312415942552,16.115110952203985,22.37566876405826,29.196423368146537,34.379411292480505,36.440853402727754,41.94813947379047
2015/09/18,0.0,48.33415031645748,22.534699972864114,22.799996194427298,85.06210576704986,9.222912000396072,-0.22865387332252596,-0.12920671763315017,13.208529647826651,16.050332100489623,22.799996194427298,29.258861748316274,34.150577427008294,37.333033416184534,41.46539370340281
2015/09/19,0.0,45.00219784703206,22.690450547108416,23.07853824059741,81.81897700832846,9.045384293015331,-0.22565931173309905,-0.1273727753786904,13.10560826552818,16.22823871542633,23.07853824059741,29.333846980954508,34.4770489359549,37.05199408692347,41.41952589715284
2015/09/20,0.0,45.81654824963509,22.456831903064277,22.772186402879026,82.01261880954546,9.056081868531527,-0.2679214119998704,-0.11150127284769606,13.000749071856042,16.143139803575487,22.772186402879026,29.14388887543153,33.71867805514254,36.57176619283061,41.17309355819787
2015/09/21,0.0,45.39385164134623,22.582624303905327,22.771322368978478,82.47997783653526,9.081848811587609,-0.250735376633139,-0.14480826031567418,13.224637076274632,16.238896836810767,22.771322368978478,29.4635339130854,34.330219937726035,37.04199133230364,40.726627497944186
2015/09/22,0.0,45.24157192535254,22.568264400303644,22.72639342979005,81.2844987022556,9.01579162926116,-0.2374270398548666,-0.09964497269132222,12.92265795934619,16.209114807614498,22.72639342979005,29.131772766960687,34.141457697145206,36.69113293957228,40.92707116445798
2015/09/23,0.0,47.951212544440864,22.625018016084827,22.444727983840156,87.25360419951781,9.34096377251929,-0.1546186630849475,-0.1328444782219882,13.20290014946604,16.115471985242124,22.444727983840156,29.318372134708163,34.5659118378338,37.95199163987618,42.2951882682616
2015/09/24,0.0,50.31735073373618,22.50359043617761,22.453870862657457,85.36718762063711,9.239436542378389,-0.19418681371544855,-0.1498049363264129,13.129372674966671,16.207508457811766,22.453870862657457,29.336881132778437,34.45072465828625,37.33995999094535,40.96014064817028
2015/09/25,0.0,47.12246122438886,22.56214677381907,22.64010623086098,82.44829694248324,9.080104456584365,-0.23066893216149778,-0.16884417394132845,13.173598989689827,15.992405852113992,22.64010623086098,29.16600484180382,34.10382618350018,37.36586908228596,41.224847574429624
2015/09/26,0.0,45.50990279091497,22.61882824221192,22.618377115740625,84.46513633931013,9.190491626638378,-0.22032373957811655,-0.1808342108787202,13.182205082327268,16.32623438477626,22.618377115740625,29.50843946710353,34.478486184213175,37.474707080481416,40.855925539823474
2015/09/27,0.0,44.30899982860414,22.498540681727913,22.603838253533777,83.07695067656819,9.11465581777876,-0.2666240552502836,-0.19989929243326277,13.560683770657011,16.00275568024832,22.603838253533777,29.56343945090533,34.243553988415364,36.67366852992782,40.27722338798518
2015/09/28,0.0,46.15338915605795,22.618172482194563,22.793831651516108,80.59885466307543,8.977686487234639,-0.2404507082797065,-0.15732559468256602,13.199679831560825,16.174638132757813,22.793831651516108,29.37431796431864,34.141420523414865,36.514535911117925,40.947704085028136
2015/09/29,0.0,44.46086604802298,22.540915991018032,22.531264490905883,84.32027720583291,9.18260732068147,-0.1939254230263588,-0.17666871215579683,13.09688009587369,16.064219106819394,22.531264490905883,29.161099202693084,34.46047893297885,37.16638386919703,41.04896113574434
2015/09/30,0.0,46.78814049657666,22.67377391782859,22.660978327311156,78.87876090117412,8.881371566440293,-0.1891701969087102,-0.15501408355185964,13.190516942612255,16.078112188006816,22.660978327311156,29.268629130619072,34.032005559108526,36.559237180326775,41.34314891187559
2015/10/01,0.0,47.765640822131445,22.628212337576755,23.045222458236694,78.75796746044203,8.874568578834806,-0.29087657417126106,-0.10268134777111415,12.849296724188545,16.26380209178915,23.045222458236694,29.113098815977693,34.090100897950975,36.18344921904824,40.29048680195771
2015/10/02,0.0,47.08989238545431,22.542022647139586,22.836243564332868,82.23282117899326,9.06823142509019,-0.2488794140061734,-0.16922630720285525,13.441904284515907,16.069251937199304,22.836243564332868,29.51115622171521,34.1121455482374,36.63938665749933,40.313335131074666
2015/10/03,0.0,45.34350769419687,22.536075355909606,22.77170655707152,85.22230038657294,9.231592516276535,-0.25774039965289464,-0.23707764196957104,13.96998521451097,15.812405132206003,22.77170655707152,29.782390346716973,34.256580582149304,36.82380763843027,40.43722269086013
2015/10/04,0.0,46.50618177479686,22.653318116280232,22.757237534689803,81.79850689256884,9.044252699508613,-0.21165422713940427,-0.18177764377186234,13.577994530456742,15.96176689721495,22.757237534689803,29.539761427671692,34.1735551874941,36.59889937526451,41.24799593938447
2015/10/05,0.0,43.446843337908575,22.419393876411533,22.661192565631666,82.77447487527475,9.098047860682794,-0.2645029846116823,-0.19544285522588822,13.380303151544366,15.9367251939692,22.661192565631666,29.317028345513567,33.981686898140744,36.66996792912998,40.608370727342546
2015/10/06,0.0,45.47767789017718,22.628941816810027,22.688647146297416,83.45378441460508,9.135304286919242,-0.24697522088071724,-0.1315047420511104,13.31921417825405,16.237202598606252,22.688647146297416,29.556416776860303,34.306527585557475,36.4883863403262,42.2200389954074
2015/10/07,0.0,46.43284711821797,22.70537432390316,22.79203513332929,85.30761127116845,9.236211954647233,-0.24525200063013267,-0.16495214227287835,13.158047473157708,16.1530842867612,22.79203513332929,29.311131759918908,34.80529960106386,37.275087778175596,41.06552440677515
2015/10/08,0.0,45.48962933496297,22.50847363855961,22.604255139285478,80.69208663522375,8.982877414015164,-0.2867232971488946,-0.15088781620362735,13.06302188516888,16.131100424533713,22.604255139285478,29.194122309702593,33.83594319815467,36.26371702033946,40.229524641416866
2015/10/09,0.0,48.57896566308533,22.533786603825142,22.57691650263838,81.76656796735264,9.042486824284161,-0.26258324562755525,-0.14176148541881295,12.93768531505686,16.27422729926512,22.57691650263838,29.21191261432198,34.0522322383624,36.82291503862872,40.03395764856619
2015/10/10,0.0,48.07879104428132,22.64481068135956,22.685791091126468,85.76436189613916,9.260905025759586,-0.18784839166142198,-0.1853930664039507,13.603871887202285,15.937816229141202,22.685791091126468,29.541688116343487,34.33436947196487,37.517125145968905,42.52679817463122
2015/10/11,0.0,44.771205749028375,22.357042376236535,22.185628387195525,83.00776059121598,9.110859486964772,-0.18136161469045323,-0.12022889256814828,12.778172498470614,16.233990716066838,22.185628387195525,29.012163214537452,34.11646620145295,36.42678940792419,41.537758805336125
2015/10/12,0.0,46.46326617702819,22.601834576461833,22.542030294639584,83.82050578423045,9.155353940958834,-0.2270791961864359,-0.21636836973697227,13.279540935066787,16.05915801040106,22.542030294639584,29.338698945467847,34.52542895792386,37.033291999544325,40.22605120686934
2015/10/13,0.0,46.42951181860554,22.6553777252455,22.94912774016052,79.97544739008225,8.942899272052786,-0.2555647754139977,-0.13446905229421358,12.979768346665775,16.241853994314027,22.94912774016052,29.221622340979803,33.95837825127067,36.25302169579559,40.79957911415348
2015/10/14,0.0,45.76590092968292,22.734681699335475,22.948007681817543,82.01934365053543,9.056453149579886,-0.2374184037405528,-0.13429503498800344,12.910523707036294,16.377613186281973,22.948007681817543,29.288136893318267,34.249695335855634,37.111810272666155,41.20639519253022
2015/10/15,0.0,46.17775782525047,22.584578721247947,22.67872637219826,83.93249858394086,9.161468145659889,-0.23665901164746744,-0.1122157030445683,13.156904502050768,16.297630902860405,22.67872637219826,29.454535404911173,34.30003836989975,36.93124115016096,42.03367220210825
2015/10/16,0.0,48.99252597085683,22.726135513468783,22.83993547252614,82.53944911854133,9.085122405259124,-0.22647789742638766,-0.11834004313108615,12.913580488692407,16.404616726840825,22.83993547252614,29.31819721553323,34.668741548536225,37.0599840100621,40.77376037122643
2015/10/17,0.0,44.71220680107991,22.802164128300454,22.855076653923533,82.74608847608435,9.096487699990824,-0.2204583241342545,-0.11121728024216182,13.474587663446997,16.41213496032992,22.855076653923533,29.886722623776915,34.57542401391544,37.09437213332873,41.704510349322746
2015/10/18,0.0,46.3044615798549,22.71835175972305,22.924771360060014,81.57543949532898,9.031912283416451,-0.2496252916086219,-0.11659264905049316,12.754623948323601,16.31132327820461,22.924771360060014,29.065947226528213,34.47725456381005,36.59744745291647,40.83441216767815
2015/10/19,0.0,45.40670784190822,22.771195650802408,22.79292401630221,83.75370729898718,9.151705158001278,-0.27041740721928603,-0.1897920337993706,13.700930551524085,16.233168694222083,22.79292401630221,29.934099245746168,34.421351058613624,36.96609431120189,40.59807679900222
2015/10/20,0.0,46.242608095924666,22.696238383895242,23.18670780062878,81.06221653920885,9.003455810921096,-0.293876943732486,-0.15611744616726186,13.417597502040849,16.152757055017673,23.18670780062878,29.570354557058522,34.17268271411072,36.316190127431156,40.80159747767646
2015/10/21,0.0,49.6301786581996,22.87575775250382,22.75392123158332,84.86219185199661,9.212067729451222,-0.20430217507430706,-0.15048401496817077,13.235654840062978,16.352155886922525,22.75392123158332,29.587810726985502,34.93034669179274,37.82986307794582,40.97999858528822
2015/10/22,0.0,45.3836487599796,22.78321276594676,22.887422466391776,81.666448913979,9.03694909324928,-0.29687671431769985,-0.1302169830504174,12.887296820095724,16.518462183446562,22.887422466391776,29.405759003542286,34.24900554274263,36.50096983318885,40.41287192755088
2015/10/23,0.0,45.60345487694456,22.690570069858442,22.610186243722872,84.08616584662924,9.169850917361156,-0.21196447257420709,-0.07049565310171557,12.849836384721705,16.396171482447638,22.610186243722872,29.246007867169343,34.579496569394195,37.202299518489006,41.91553969387854
2015/10/24,0.0,47.8785937861622,22.864951961577308,23.003755780764664,83.3605190148327,9.130198191432248,-0.19967834903496798,-0.11362255303364988,13.54079015005707,16.183670114030303,23.003755780764664,29.724460264087373,34.436609896591904,36.759000480264056,42.839034648152236
2015/10/25,0.0,48.83634312363122,22.806090258935665,23.029216211047714,83.09713567664991,9.115763033155805,-0.32549858582976515,-0.03428678776330418,13.050111285095216,16.491120850231585,23.029216211047714,29.5412321353268,34.22734942827662,36.390674405953035,40.824692526747754
2015/10/26,0.0,47.54539816612044,23.017638187376804,23.027596807571413,88.08140502528849,9.38516941910419,-0.23713473722488065,-0.1649098238632858,13.64760693049234,16.493225644402255,23.027596807571413,30.140832574894596,34.84734391637342,37.428110181392526,42.768441698778055
2015/10/27,0.0,46.32475267719471,22.83244328379454,22.755236846969446,84.14783119041432,9.17321269732771,-0.32877715101098914,-0.14952680744828095,13.32329841211913,16.443255568419033,22.755236846969446,29.766553980538163,34.74173087601784,36.71541445362657,39.80618218929029
2015/10/28,0.0,46.94247154174909,22.7069009847672,22.993344460928377,85.10330163422326,9.225145073884923,-0.2655080045874784,-0.09203540596526638,12.89093815341295,16.409509024657538,22.993344460928377,29.30044717807049,34.56802031187487,37.51789101590339,41.26969648068219
2015/10/29,0.0,45.71564106353086,22.711649898916072,22.74589828283184,83.87513512793662,9.158336919328564,-0.271926237843563,-0.08162728889168225,13.069664061074075,16.421238472879097,22.74589828283184,29.49090253395317,34.61169677200576,37.031153086633466,40.88551839102153
2015/10/30,0.0,45.11066139321383,22.95842914929814,23.180902663912956,84.13579432782882,9.172556586242944,-0.27746428993245165,-0.1001299427461344,13.125685524200783,16.36019402521203,23.180902663912956,29.485879549412815,34.71345083348925,37.371169796488694,41.080630233457335
2015/10/31,0.0,47.66258823651245,23.0860124568931,23.1877271442038,82.32049978580021,9.073064520094642,-0.1958538890083666,-0.07277311909022322,12.968061912279353,16.723364391289913,23.1877271442038,29.691426303569266,34.92981330452648,37.420758919415675,41.91336892204241
2015/11/01,0.0,46.372566515787824,22.99484313197627,23.2304070554181,85.03858039957687,9.221636535863734,-0.2674506730932379,-0.04882507453870577,13.044610222225149,16.502562156379373,23.2304070554181,29.54717237860452,34.763125595049246,37.212142071739166,41.93185978726319
2015/11/02,0.0,45.5078351702878,23.138983686637282,23.7311050126071,80.6038381125258,8.977964029362438,-0.27655139964143843,-0.07755728202709866,12.829973516592734,16.810282557972723,23.7311050126071,29.640256074565457,34.80345992115017,37.113930029751565,41.64492718316031
2015/11/03,0.0,46.590560393305736,23.106838190838378,23.34627812253167,83.41269970241596,9.133055332276049,-0.24347061338372458,-0.0825652714735452,13.103723618315431,16.658862464378753,23.34627812253167,29.762586082694185,34.732662981799145,37.62948353802722,41.446355308198235
2015/11/04,0.0,49.06210396058286,23.206463692710827,23.390501842049396,84.39799899132694,9.186838356656056,-0.24888331802693728,-0.056144278952380944,13.134988125057333,16.657472395459063,23.390501842049396,29.792460520516396,35.11154676061625,37.53096878712605,41.61020289174418
2015/11/05,0.0,45.5815784205962,23.27214256432213,23.34187208765045,83.47989631029091,9.136733350070523,-0.2715968068854771,-0.06914225953582243,12.969954077528623,16.91198698102727,23.34187208765045,29.881941058555892,34.887282346595285,37.316432198332976,41.96977101821936
2015/11/06,0.0,47.75305469164123,23.22411831528537,23.387769623468785,82.2999559498851,9.071932316209436,-0.2344046004509619,-0.01261314662659263,12.965231856632453,16.77028589701782,23.387769623468785,29.735517753650274,34.927758236527474,37.60077498232041,42.290130904042876
2015/11/07,0.0,45.31595977683905,23.37427851570325,23.51096380496874,77.63319310331775,8.810970043265256,-0.25763275769126825,-0.0764224242109961,12.94041039209203,16.930620924850288,23.51096380496874,29.871031316942318,34.63124618529541,37.23741958666609,41.48723602892041
2015/11/08,0.0,45.13620631719631,23.082040796995475,23.14884649709718,86.54347754963669,9.302874692783769,-0.3172610127230408,-0.10097335203063063,13.437752429663014,16.566679762932303,23.14884649709718,30.004432192595317,34.89409778361348,37.594284110302766,41.11880019350156
2015/11/09,0.0,46.13466508646808,23.36899707801387,23.300252459514294,80.00938053391475,8.944796282415533,-0.2557568507105141,-0.058550801935413066,13.220640748695807,17.091239489037513,23.300252459514294,30.31188023773332,34.59744392876598,37.290061289203344,41.541179527010065
2015/11/10,0.0,48.06873811833478,23.149219946712293,23.455075677410917,82.7421555034926,9.096271516588134,-0.27859479287377836,0.06774349327601437,12.60539046422365,17.139467593712595,23.455075677410917,29.744858057936245,34.62427702886284,37.22573402499652,42.48184036200119
2015/11/11,0.0,50.17536488141569,23.68000002822001,23.76747996418876,85.23783227538598,9.232433713565777,-0.2260120514678702,-0.03875170726596178,13.282581947326097,17.12722327953606,23.76747996418876,30.409805226862158,35.19446169065094,38.147008245632875,42.948870973317014
2015/11/12,0.0,51.14060685080168,23.641623377283633,23.927261258096372,86.73978249229619,9.313419484394343,-0.3207721965690707,0.000728911655366371,13.231575096094527,17.08751189364466,23.927261258096372,30.319086989739187,35.404618875213735,37.877372727252634,41.85652704839838
2015/11/13,0.0,47.70584839427636,23.355042576917484,23.751895841591935,85.99282566172465,9.273231673032042,-0.3138923673537811,-0.011348522120756765,13.088750157967375,16.928964465463075,23.751895841591935,30.01771462343045,35.2350220123614,37.65632017172087,42.31156502149393
2015/11/14,0.0,45.00915926465473,23.564318426800597,23.889768291744677,82.82294681578574,9.100711335702597,-0.33643319595368454,-0.06414268085359875,13.327926674334183,16.933253859213337,23.889768291744677,30.26118053354752,35.150211516066655,37.62654204696293,41.220230619913586
2015/11/15,0.0,46.40369033859272,23.750924927889198,24.007192431140105,83.69003376748324,9.148225716907254,-0.3377088920715248,-0.0014358601928288195,13.473762426159425,17.398912086774843,24.007192431140105,30.872674512934267,35.29660647847932,37.77070358106556,41.89837185608689
2015/11/16,0.0,48.091992945726815,23.694851658461783,23.636914519623325,86.90916000216178,9.322508246290898,-0.27488367396363644,0.009390112108498272,13.580378228769597,17.078486992618952,23.636914519623325,30.65886522138855,35.60379746049578,37.958545806531134,42.46980501043778
2015/11/17,0.0,48.647302924381904,23.53713035572304,23.868929206036075,82.54623276306259,9.085495735680173,-0.3576094465389413,0.08396396692680197,13.024159165564708,17.299986070413095,23.868929206036075,30.324145235977802,34.693213653208836,37.46724924250699,41.279264657311835
2015/11/18,0.0,48.86062159299706,23.77184510593305,23.795609479067448,83.4031043601458,9.132530008718604,-0.30642465503436955,0.09027715262014668,12.918550424662918,17.607016102813915,23.795609479067448,30.525566527476833,35.06728011767604,37.8974674241813,41.77268872834292
2015/11/19,0.0,48.16032307594054,23.947804908998606,24.32194636083539,86.77896777444253,9.31552294691192,-0.3198582990268087,0.04297723545413357,12.992942422174263,17.545476288884466,24.32194636083539,30.53841871105873,35.81339522338729,38.494013804065006,43.21238477708939
2015/11/20,0.0,48.82411833707168,23.782673856087907,24.033222260273966,87.89760958204488,9.375372503641916,-0.3359550741313591,-0.0015630484898379038,13.2445186664727,17.4635391640128,24.033222260273966,30.7080578304855,35.89793993409999,38.0766669721422,41.79862767751161
2015/11/21,0.0,48.69580035035606,23.972847136627173,24.19526687878046,87.50350101069614,9.3543306019563,-0.30570905442726237,0.03967820319976445,13.362064338539913,17.574334850702936,24.19526687878046,30.93639918924285,35.986130968088844,38.26340259781037,43.185460100104294
2015/11/22,0.0,46.02564779101399,23.737792103174257,23.947384929552292,87.5210418221048,9.35526813202619,-0.35758064640352555,0.05951963620427225,13.272241643437848,17.426625800610417,23.947384929552292,30.698867444048265,35.5317624197567,38.085338697590345,42.51041706829961
2015/11/23,0.0,50.0257044092524,24.042150461244752,24.504246856694856,87.58302875822496,9.358580488419435,-0.3413465722009268,-0.008484099511261167,13.349043277684213,17.406123141251804,24.504246856694856,30.755166418936017,35.987967423076626,38.39369941641556,42.48757644397825
2015/11/24,0.0,47.12842155415379,24.134589422613484,24.120907665996814,89.64873630528348,9.468301658971553,-0.30910328794418,-0.03714416234581952,13.814716088543491,17.642910667266655,24.120907665996814,31.457626755810146,36.139580334786004,38.811711037504814,42.69845650163126
2015/11/25,0.0,49.089388588945,24.295089280659838,24.575524599603714,85.72669433784644,9.258871115737946,-0.3120432828244699,0.05734273493336861,13.298151043474562,17.69691792823741,24.575524599603714,30.995068971711973,36.09500259084064,38.54398858169296,42.6981111449936
2015/11/26,0.0,51.26973157145002,24.223187339714116,24.231918968825624,89.1440784876164,9.441614188665856,-0.310942370901277,0.08296901010425994,13.255749545188056,17.685812385528305,24.231918968825624,30.94156193071636,36.20833080899173,39.160430610779805,43.03262472709498
2015/11/27,0.0,53.74671155053139,24.225742433298763,24.58457382531036,86.81610110758604,9.317515822770897,-0.37123677580885084,0.08247024795476543,13.434064203237781,17.78070839553458,24.58457382531036,31.214772598772363,35.70279492607799,38.492656756413616,42.408051059373776
2015/11/28,0.0,48.270769954272176,24.41500814777272,24.39944847898996,88.2601072627553,9.394685053941686,-0.32460573284972133,0.04757394302550333,13.485470162382128,17.919558125154214,24.39944847898996,31.405028287536343,36.33437058007261,39.134544090989216,43.488772301010634
2015/11/29,0.0,48.05704408899445,24.38892544761709,24.554950108846857,84.6992143414697,9.203217608068913,-0.34373019783281916,0.09674361783643448,13.039614404163892,18.076251586037458,24.554950108846857,31.11586599020135,36.270063619806955,38.54769250179793,42.15741153690265
2015/11/30,0.0,49.65038972786925,24.34899111762191,24.5472990161824,86.37963011187276,9.294064240786845,-0.35567097612930876,0.17144597368914738,12.969094075783453,18.0048466958426,24.5472990161824,30.97394077162605,36.059545693605685,38.41243455071307,43.26002836701868
2015/12/01,0.0,49.59939628116226,24.4795076516878,24.695128041302986,86.96484137192849,9.325494162344883,-0.3758345878530342,0.08294326246559924,13.494642195600296,18.023395863890897,24.695128041302986,31.518038059491193,36.479163902006256,39.024058524854304,42.65097622409952
2015/12/02,0.0,50.55983916840151,24.50846276285668,24.838762626129466,89.84549726855569,9.478686473797712,-0.35208400281195945,0.10446419086392744,13.141195271146898,17.961086432054547,24.838762626129466,31.102281703201445,36.662244353290376,39.55279283873319,42.48538781887291
2015/12/03,0.0,47.8399160336931,24.542362753871107,24.64756697749684,87.4540621327991,9.351687662277815,-0.35172263514077046,0.11981468113790328,13.49965210801368,18.06309370166008,24.64756697749684,31.56274580967376,36.08417008147243,38.63255529147318,43.528908810983914
2015/12/04,0.0,46.14322503928589,24.707978692698816,25.15100160673925,85.730175788214,9.259059120030177,-0.4431793076950383,0.2006842255359449,12.770334514750434,18.47657228189657,25.15100160673925,31.246906796647004,36.27989010878599,38.71509422175729,42.71071193454982
2015/12/05,0.0,49.95686855457595,24.590722799915394,25.126639472416713,88.27073102004115,9.395250450096642,-0.369645510102829,0.2226333041909152,13.034537606535295,18.206949934372062,25.126639472416713,31.241487540907357,36.22599924504237,39.236019875367965,43.23520286946622
2015/12/06,0.0,48.82956781564883,24.746965134385647,24.94868604046404,86.84422581105619,9.319024938857938,-0.3616133083872908,0.18892671952018336,13.328459156375551,18.260533298012138,24.94868604046404,31.58899245438769,36.46257269437562,39.34095602069687,43.41821313671286
2015/12/07,0.0,48.56298472898345,24.776357852963176,25.009401148769506,89.92406663722224,9.482830096401718,-0.3180802341464642,0.09110263906713323,13.629323204930856,18.020082753825925,25.009401148769506,31.64940595875678,36.73289567499464,39.31277896495726,43.76556724378161
2015/12/08,0.0,46.50558999093156,24.817794130054065,25.240283494485787,88.03186181147203,9.382529606213456,-0.4211029237558584,0.19843858460823638,13.211750894958492,18.5218170352268,25.240283494485787,31.73356793018529,36.44915327009575,38.908565559342144,43.67712502552106
2015/12/09,0.0,47.02293820053824,24.776820241137745,25.25634687651157,88.69382462572575,9.417739889470603,-0.48228024197484304,0.17684014397986836,13.361868449148542,18.45815878745735,25.25634687651157,31.820027236605892,36.33497075649512,38.80486060133391,42.5859746114129
2015/12/10,0.0,54.57868388770847,25.04940630015528,25.27151206851797,92.21103066257108,9.602657479186222,-0.3734282818480168,0.15470886300577202,13.43520157704576,18.49414263578496,25.27151206851797,31.92934421283072,37.01337494344767,39.8991592174327,43.248660663397764
2015/12/11,0.0,49.89478042977957,25.05694961786449,25.074777211450886,90.16045351581353,9.495285857509163,-0.38642370555432914,0.14550523940281845,13.430308672840447,18.653619192085053,25.074777211450886,32.0839278649255,37.06960575392929,39.45084051053087,43.71641816214431
2015/12/12,0.0,48.036583380549146,25.185687919284636,25.665377144936855,93.03120669526855,9.64526861706135,-0.4550551714223192,0.17580529779391973,13.484628446621624,18.86245536284994,25.665377144936855,32.34708380947156,37.114832505733276,39.39851822116124,43.994150427026554
2015/12/13,0.0,48.06919699255629,25.098194297812782,25.536434639425035,87.11057772565496,9.333304759068728,-0.49194514863916705,0.2797521531427134,13.247442586756055,18.893134161163157,25.536434639425035,32.14057674791921,36.36997338274594,39.03606335893224,43.027083610812895
2015/12/14,0.0,49.77409906844207,25.29405068552141,25.60815313733051,89.94019781746475,9.483680604990067,-0.4147290361881115,0.2707245894213548,13.43132721838607,18.944187166914634,25.60815313733051,32.375514385300704,36.92829601616454,39.254400001011554,45.09234790295164
2015/12/15,0.0,49.55904449990117,25.32212108123918,25.688581464142757,90.36101073122111,9.505840874495066,-0.419565160199332,0.25053278625228836,13.317379277046157,18.838591533153725,25.688581464142757,32.15597081019988,37.52733348049964,40.01396300499703,43.089590433374816
2015/12/16,0.0,47.42733284947308,25.33483734136498,25.677393724617893,88.97021325869923,9.43240230581262,-0.4600858691369168,0.2634614772553432,13.253035114343398,19.02707737060517,25.677393724617893,32.28011248494857,36.841240058610154,39.29545224138348,44.052731281017735
2015/12/17,0.0,48.01285545629467,25.298613239849537,25.655103226679834,90.76412499203738,9.527020782597116,-0.43463233324946277,0.30026632947349796,12.826099069763849,19.040020061908976,25.655103226679834,31.866119131672825,37.45097987546151,39.912240488427415,44.35769080699225
2015/12/18,0.0,52.449374185586976,25.588710954504677,25.732027831112568,88.67664764394128,9.416827897118077,-0.37667789968755416,0.27145377691291683,13.197490255950054,19.12651062209441,25.732027831112568,32.324000878044465,37.73844284513868,40.21532977856713,43.85653915693968
2015/12/19,0.0,50.61326985229206,25.56349803759329,25.876716484622516,90.30275158603781,9.502775993678785,-0.3943152559391967,0.26817007846745256,13.224407457687331,19.11691396673034,25.876716484622516,32.34132142441767,37.45347098359049,39.76274568722727,44.96703811095196
2015/12/20,0.0,48.08664461989425,25.552041354256048,25.741838938738447,93.58182150787914,9.673769767152779,-0.428896040580495,0.2446440526764353,13.343527476520975,19.141158717628045,25.741838938738447,32.48468619414902,37.589144947003234,40.303524172376555,44.469038326818534
2015/12/21,0.0,55.70605684451802,25.725742807430958,26.077920288467727,91.09733843502322,9.544492570850649,-0.4692427445311993,0.3074428386012551,13.561774520584077,19.222086654281146,26.077920288467727,32.78386117486522,37.57342259547202,39.99838894967104,43.90270089618418
2015/12/22,0.0,49.01180633990699,25.780235170456397,25.999777032934297,90.14270023394761,9.494350964333876,-0.4572016094358434,0.29632057074262885,13.364059054286841,19.606773934415706,25.999777032934297,32.97083298870255,37.33182016346284,39.87863638258529,44.67651170102008
2015/12/23,0.0,48.82143586338091,25.741095063498797,26.00872171710437,89.50864084329262,9.4609006359486,-0.4789771339489534,0.39765510759202494,13.153434402619958,19.407638835061398,26.00872171710437,32.561073237681356,37.54447797936001,40.094381377002875,44.5409618660587
2015/12/24,0.0,50.25777667949462,25.82754988014428,26.277210616238605,90.87103982585577,9.532630267971992,-0.4769057980309755,0.3493156351672573,12.918330319557171,19.63561940015341,26.277210616238605,32.55394971971058,37.90694626132284,40.28781900518968,43.66894009856069
2015/12/25,0.0,51.21183195212143,26.112534247909394,26.352453169048765,92.32670376581957,9.608678565017126,-0.48302085266183126,0.34324846025431555,13.405684623657045,19.807551547714084,26.352453169048765,33.21323617137113,37.800107041953694,40.56234365267199,44.38200330240768
2015/12/26,0.0,54.03743118671643,25.798691489703174,26.225568105769657,91.36833603985123,9.558678571845128,-0.49724858909980146,0.3773262913332549,13.168255278419814,19.465904752626436,26.225568105769657,32.63416003104625,37.60564298978448,40.09369960161711,44.1934385566953
2015/12/27,0.0,51.26772925008111,26.15761844951471,26.42548809484348,94.54674216472112,9.723514907929186,-0.45808951325224967,0.3897697472298933,13.49719602920711,19.876067194426334,26.42548809484348,33.373263223633444,38.13393187797926,40.38529238292626,45.442698811039826
2015/12/28,0.0,49.44332151764583,26.018584904170126,26.31197495195132,91.48075126577831,9.564557034477776,-0.46056688715891975,0.3705721948107761,13.032487258192297,19.845550029613136,26.31197495195132,32.878037287805434,38.17434767227852,40.70643859605417,44.369403724089274
2015/12/29,0.0,48.456556511739336,26.108120640325705,26.62352292837222,93.47748647891837,9.668375586359808,-0.532269805651947,0.4214748652897349,12.992835687517626,19.982929399731816,26.62352292837222,32.97576508724944,38.106350020746305,40.88473095734102,44.34247745068668
2015/12/30,0.0,51.42369626362882,26.117479460011094,26.86104743824353,97.54113263784737,9.876291441520312,-0.509405730716541,0.38430048872237066,13.254395923964843,19.91435053216808,26.86104743824353,33.16874645613292,38.02744856471693,41.02031166606897,45.64813507144802
2015/12/31,0.0,49.709311301815575,26.18500453506891,26.532548344630072,95.01577523454355,9.747603563673666,-0.5179510603569739,0.418802606877684,13.368913138122416,19.850473244666617,26.532548344630072,33.21938638278903,38.245611278435746,40.76186538705584,44.88120037454887
2016/01/01,0.0,48.37861035959776,26.33593419440048,26.611925364978795,93.80141954018164,9.685113295164989,-0.5181034636486201,0.4396170968549362,13.425646648001855,19.971171676689796,26.611925364978795,33.39681832469165,37.98893325708554,40.989532760560124,45.22768089397015
2016/01/02,0.0,52.76357305743457,26.415148055015546,26.62962020228817,91.38362992524728,9.559478538353819,-0.49336402694253156,0.45719983688345067,13.280940941943555,20.249140136401678,26.62962020228817,33.53008107834523,38.32261148529942,40.712586123331945,45.38965571766659
2016/01/03,0.0,49.85594741404012,26.397598837802757,26.976054834659173,93.22191227594273,9.655149521159304,-0.5339403905470732,0.5337611833475431,12.80317717341245,20.30092132501683,26.976054834659173,33.10409849842928,38.16691248849288,40.88446158404478,45.5761787948112
2016/01/04,0.0,49.29893762348291,26.349765466186113,26.84682049379244,95.66917625573888,9.781062123089644,-0.5691510293497161,0.515779055704142,12.968638534754724,20.21352792791322,26.84682049379244,33.182166462667944,38.42456392300609,41.03198137217663,45.28815321306497
2016/01/05,0.0,52.924730000736645,26.758111737651607,26.925222193515985,94.17612188792768,9.704438257206219,-0.44660407001541214,0.467319056344917,13.353176708802668,20.32992618684362,26.925222193515985,33.683102895646286,38.79286854889488,41.824420757428314,46.21458675760188
2016/01/06,0.0,50.72187799787995,26.67204569332115,27.043779299686868,95.84468464383627,9.79002985919023,-0.5442535388061644,0.44072120762393396,13.357337180372951,20.477994709196835,27.043779299686868,33.83533188956979,38.91203562525513,41.315990575068774,45.04211545504007
2016/01/07,0.0,54.11737678453169,26.613635827776342,27.0297946741913,95.15301001607634,9.75464043499689,-0.5548837092767127,0.544905777035317,13.17762804312651,20.325165109351737,27.0297946741913,33.50279315247825,38.51273639383246,41.21281575301607,45.43607252227145
2016/01/08,0.0,51.63999225875202,26.747943597121555,27.203402429114703,93.49421797852304,9.669240817071579,-0.5420559946921502,0.515339410749609,12.677237971944063,20.801020239107576,27.203402429114703,33.47825821105164,38.651176224499615,41.34587626930085,45.79679742151061
2016/01/09,0.0,48.77283400475958,26.846281836739777,26.87132010276718,94.9794017406604,9.74573761911639,-0.5171108288263525,0.46678861401710314,13.5907800543544,20.45255187714751,26.87132010276718,34.04333193150191,39.01496339647591,41.37718507651087,45.969265102699495
2016/01/10,0.0,49.99586040807128,26.801579658516268,27.189448621701125,98.06145957012936,9.902598627134665,-0.5575616728837733,0.48414936793723085,13.436271502002434,20.732722388872894,27.189448621701125,34.16899389087533,38.86845428408077,41.35177662316436,46.02412026736758
2016/01/11,0.0,50.55128748189832,27.023270187222632,27.441565209273858,99.08899752602457,9.954345660364853,-0.5276091428564573,0.4919760178042849,13.0844922944488,20.835719310540178,27.441565209273858,33.92021160498898,39.75217887051336,41.97825464178724,46.345226825107005
2016/01/12,0.0,50.53155519293523,26.97657200000759,27.261593738101837,97.4320646258693,9.87076818823486,-0.5640724311505909,0.4977983862120037,13.374988809616173,20.665416721238845,27.261593738101837,34.04040553085502,38.97083112410861,41.848024666075595,45.61926910106806
2016/01/13,0.0,50.74879032084673,27.032762387605327,27.51462420594053,91.21341754310394,9.550571582010363,-0.6114840881527095,0.6331545525381235,13.061829772516383,21.090765708869498,27.51462420594053,34.15259548138588,38.40152430711188,41.21756511120565,45.25294628446416
2016/01/14,0.0,50.630270611086765,27.344744273983817,27.66749700388251,94.2815617505422,9.70986929626461,-0.5203700844301338,0.5265903417140891,13.381957178247866,20.99967530932674,27.66749700388251,34.381632487574606,39.347068660658685,41.755992981853495,45.97912265662076
2016/01/15,0.0,53.54754285355468,27.358161719381968,27.869764214240394,97.10572189401991,9.854223556121502,-0.5558544788922993,0.5384034036106211,13.489790424859798,21.02346666385396,27.869764214240394,34.51325708871376,39.29621798478025,41.92370673899181,46.35327623591577
2016/01/16,0.0,50.81323648589006,27.172655130247048,27.553888760825064,96.71638236563604,9.834448757588603,-0.5900941166452748,0.5792602475055451,13.367527745131067,20.937275513947636,27.553888760825064,34.3048032590787,39.40802305536823,41.70994820277191,45.51802105147263
2016/01/17,0.0,52.57999610981113,27.335873563796422,27.909096233535394,95.65963192676284,9.780574212527751,-0.590668357597083,0.6464831672042619,13.020137736938757,21.09017372265334,27.909096233535394,34.1103114595921,39.49470631582047,41.97837882622778,46.49616082653332
2016/01/18,0.0,51.78144186322056,27.358408674916348,27.956510394244937,98.90928190517478,9.945314570448478,-0.6006668114178781,0.6181418520959086,13.554106544601424,21.06418586182574,27.956510394244937,34.618292406427166,39.18687716443395,41.93402061260304,46.84289072020739
2016/01/19,0.0,51.50079459142632,27.4902308456483,27.83837580104776,98.70139859147685,9.934857753962904,-0.5963026817558585,0.6200201653033779,13.744430587794803,21.05699060148514,27.83837580104776,34.80142118927994,39.3804406638788,42.244899926145116,46.16026424711736
2016/01/20,0.0,52.115301503079465,27.583109379756667,27.99558229260577,94.02567881965903,9.696683908412146,-0.5988430037236545,0.6861200002122358,12.801927550709784,21.55543866753746,27.99558229260577,34.35736621824724,39.54326227534176,42.20647693393579,45.709938394427446
2016/01/21,0.0,55.00955222753655,27.61178272280275,27.809565370211367,94.56190587705576,9.724294621053795,-0.568866558883197,0.7021903706259796,12.963840209001141,21.580264334826623,27.809565370211367,34.544104543827764,39.781691630063634,41.597899372539764,46.6261932536025
2016/01/22,0.0,51.52724376547648,27.715615319143602,28.16934440869648,96.40537177621977,9.818623721083306,-0.5605772995432073,0.6124779915426823,13.055066313919397,21.529672743030773,28.16934440869648,34.58473905695017,39.73217644654237,42.59076988663783,46.75153915037317
2016/01/23,0.0,52.52491102996328,27.85793420619316,28.129477393596297,97.97924359768689,9.89844652446468,-0.5577678640790834,0.6876503182094669,13.08206018875785,21.61322618054065,28.129477393596297,34.6952863692985,40.00328741917592,42.60519204356558,47.508791136888625
2016/01/24,0.0,50.50804134337888,27.7313881616913,28.26873275439685,99.12330244830272,9.956068624125827,-0.6331647032308054,0.7151030146989368,13.04561858048454,21.760378145241443,28.26873275439685,34.80599672572598,39.970965055338354,42.31983994816106,46.83529020253841
2016/01/25,0.0,55.558848916770366,27.808310417236175,28.193131848276877,96.36319017303032,9.81647544554716,-0.5727625854046893,0.725479793070348,13.363383738848711,21.552995261100435,28.193131848276877,34.916378999949146,39.71277852357187,42.21242791968611,47.507669687648644
2016/01/26,0.0,53.84223144801007,27.661610345981494,28.06210933022851,98.0214767829851,9.90057961853674,-0.6674530401941866,0.7736582664098948,13.07522040463699,21.55956109289298,28.06210933022851,34.63478149752997,39.5629318233972,42.01715453136737,45.92109198702923
2016/01/27,0.0,51.3279021210671,27.782968643043137,28.38954746993007,98.225642623668,9.910885057534871,-0.6634180972178417,0.6785445053570753,13.287423586643435,21.720810881591724,28.38954746993007,35.00823446823516,39.63242694334999,41.99637972122539,46.09927865754406
2016/01/28,0.0,50.82004259571684,28.024657586390646,28.565231823726865,97.21281296615112,9.85965582391957,-0.6524696364962818,0.7021977661048115,13.4097785511535,21.86065234067558,28.565231823726865,35.27043089182908,39.952527458587426,42.400164154415265,46.20278111349074
2016/01/29,0.0,51.91845013176536,28.119404176320266,28.55245288273472,96.93531464862646,9.845573352965609,-0.57882818231524,0.7510188851100335,13.018398792416914,21.972311561231304,28.55245288273472,34.99071035364822,40.31147484610479,43.058719957602925,46.7125266992005
2016/01/30,0.0,52.7860203095005,28.306899320732093,28.75009705600273,98.42557663090473,9.92096651697327,-0.6043469180886543,0.7707584021821945,13.370074758758804,22.07144545755417,28.75009705600273,35.44152021631297,40.49317699689384,43.133287727878006,47.90012515398497
2016/01/31,0.0,48.39576744895142,27.97359249217943,28.65922281933028,98.56982182034105,9.928233569993257,-0.7180121215999973,0.8014352216031528,12.98500051907514,21.99939273140424,28.65922281933028,34.98439325047938,40.04436843484725,42.490579846448504,45.67899892671702
2016/02/01,0.0,51.29931026272951,28.0525419978983,28.76884748158335,102.84675151667649,10.141338743808753,-0.6946167613259644,0.717171711831639,13.659121676466281,21.751808572163082,28.76884748158335,35.41093024862936,40.2966211546678,42.46522052009898,46.793668741102515
2016/02/02,0.0,52.05013465878621,28.426610746505165,28.69856122511744,96.92928274091179,9.845267022326606,-0.6335804097971923,0.8050404517373844,13.249276611148709,22.239060422859893,28.69856122511744,35.4883370340086,40.33844247696811,42.92149653997955,47.03139437627987
2016/02/03,0.0,53.72992908762572,28.066944823309235,28.416877664188377,99.93315686012699,9.996657284318943,-0.6765149270133916,0.7796378647117286,13.394670153715868,21.980519894009586,28.416877664188377,35.375190047725454,40.26472219765872,42.41877085798046,46.52653277203375
2016/02/04,0.0,51.71569872761472,28.28122384964125,28.946373801478998,97.49685244675074,9.874049445225133,-0.7119278174631217,0.9076105040574154,13.114580319791965,22.201233415671307,28.946373801478998,35.31581373546327,40.38246635589582,42.873371940189344,46.421358338489846
2016/02/05,0.0,54.176627877366656,28.377655503739845,28.882681264206305,98.78246082155664,9.93893660416227,-0.6586958408490519,0.863656758964829,13.117883658430816,22.25449803377428,28.882681264206305,35.372381692205096,40.01163888266075,43.124672280051236,47.24127897168287
2016/02/06,0.0,52.09221964829902,28.559824849351614,29.28984149092829,98.65925589459628,9.932736576321567,-0.6866014321582194,0.8133353783599397,13.162231174599462,22.397966826061783,29.28984149092829,35.560198000661245,40.42354174102451,43.10929888796353,47.06421044973209
2016/02/07,0.0,52.65935529609491,28.59737822162497,29.09428325288397,97.66462383872363,9.882541365394006,-0.678983661791445,0.868981710487803,13.148825687590708,22.490250203285584,29.09428325288397,35.63907589087629,40.596500327668366,43.12548790896126,47.0795641139238
2016/02/08,0.0,51.29264161028428,28.440695152174104,28.85789957442732,98.67655496180929,9.933607348884356,-0.7226146195829026,0.913719747150874,12.836492348342816,22.577403277773968,28.85789957442732,35.41389562611678,40.305047722300195,42.68634564027929,46.92409228441754
2016/02/09,0.0,52.78923727812561,28.699258479194697,28.96416451192668,104.26830329086873,10.211185205002833,-0.6239817837649585,0.7588544228404994,13.576308347480712,22.46772344472636,28.96416451192668,36.04403179220707,41.11142802962873,43.76274762533227,47.8117480075081
2016/02/10,0.0,56.29906930368989,28.88636527739403,29.25409241710436,101.45515609131577,10.07249502811075,-0.6631356645012909,0.8333374453354048,13.220294073007569,22.79044855985924,29.25409241710436,36.01074263286681,41.22280460357082,43.76102478320737,47.56691850564645
2016/02/11,0.0,52.7901840648712,28.63618272582508,29.21709548774688,101.34924164147611,10.067236047767834,-0.6714114527018611,0.8260359803243493,13.379224895676597,22.343857909271374,29.21709548774688,35.72308280494797,40.91633241275804,43.49331267388638,47.1483975730205
2016/02/12,0.0,53.00783401162897,28.629690434039162,29.101966851291333,104.22392811013442,10.209012102555977,-0.6909999279561853,0.8477784458659774,13.197920522908962,22.497941848092427,29.101966851291333,35.69586237100139,40.952464857743735,43.6762698855383,47.86557172919604
2016/02/13,0.0,50.8139095140042,28.842106360382804,29.208950191384396,101.46257887759693,10.072863489474923,-0.7141618466364126,0.9197936686398998,12.988707085499549,22.94470822509753,29.208950191384396,35.93341531059708,40.95236535415835,43.725327817061284,47.480090667275476
2016/02/14,0.0,51.61049810677802,28.899833107595292,29.289511228709102,97.67787826646435,9.88321194078445,-0.673184522222771,0.9003549221475526,13.015145500436507,22.83590662484978,29.289511228709102,35.85105212528629,40.888968238460656,43.45577044629338,47.6436852295279
2016/02/15,0.0,53.88098891645672,29.064800079612343,29.674001064633337,97.61323670000048,9.879941128367136,-0.6993403129816823,0.9237100093977615,13.184166424647692,22.98213242879487,29.674001064633337,36.16629885344256,40.866000859720074,43.491121469475104,47.42399001706572
2016/02/16,0.0,57.19687296338216,29.249900355279454,29.489761378465776,97.91431813235204,9.895166402458932,-0.625675038888473,0.8858602459569451,13.343727480327626,22.9694429042619,29.489761378465776,36.313170384589526,41.61101200532784,44.30461557033389,47.46230945329326
2016/02/17,0.0,51.19921823427255,29.170264444576187,29.60185734686604,101.37827290461684,10.068677813130027,-0.7084463283187354,0.9523696473207965,12.889178328891234,23.41769972424362,29.60185734686604,36.30687805313485,41.10646093783501,43.980138174371106,48.42523372628027
2016/02/18,0.0,53.76482313334259,29.171003743088608,29.632599299262726,102.1893264741953,10.108873650125187,-0.7301419340125685,0.9131655851730107,13.459731100611332,23.0802744468231,29.632599299262726,36.54000554743443,41.537436391629456,43.38310169943732,47.68169280352242
2016/02/19,0.0,53.49627636728126,29.31097128327507,30.06710097597913,98.96319264474926,9.948024559918881,-0.75465267145224,1.0249167485419832,13.274871992992008,23.06462327604441,30.06710097597913,36.33949526903642,41.050611784403735,43.691580801370485,47.61290294651273
2016/02/20,0.0,52.33649883734924,29.240650993698814,29.86949706517696,95.14697075783506,9.754330871865843,-0.709396870403129,1.019375716186941,12.939163633877602,23.18396573508053,29.86949706517696,36.12312936895813,41.003063157357346,43.19175802991305,47.957844661396905
2016/02/21,0.0,53.19787563224147,29.284141280381494,29.80275945450673,101.57980432177334,10.078680683590155,-0.7302389079294924,0.9732346954970237,13.095577446554692,23.253008827801175,29.80275945450673,36.34858627435587,41.17789150788427,44.21157179106965,47.82890542868803
2016/02/22,0.0,53.11302219450907,29.336753915527655,29.777938795600466,101.45575911394502,10.072524962190217,-0.6813806606081759,0.9276262697708084,13.433035977975283,23.200372451609606,29.777938795600466,36.63340842958489,41.46254675259499,43.62919997958511,49.12748929902802
2016/02/23,0.0,53.78683484860608,29.214367492669858,30.031984411919233,102.09560306716138,10.104236886928245,-0.7484767575052288,0.9475468283816908,13.548634951990188,22.856034808314497,30.031984411919233,36.404669760304685,41.44559702355904,43.62534353776326,47.57399270890203
2016/02/24,0.0,54.85006770065131,29.394493696647935,29.896005746737934,104.81569493740685,10.237953649895415,-0.7134131919695097,0.9673489912954416,12.859635009994832,23.41856442829996,29.896005746737934,36.27819943829479,41.87000451548262,44.420194610619156,48.58678972090255
2016/02/25,0.0,53.811446527925376,29.21068674721524,29.664204441365555,99.9345674255885,9.996727835926539,-0.7353179457614795,1.0397705654071179,13.53390842832064,23.00209700646504,29.664204441365555,36.53600543478568,41.21669516134642,43.65695027979745,47.68686281384225
2016/02/26,0.0,55.24981967665427,29.467634133545126,29.981737296210262,105.58109184884454,10.275266023264047,-0.7473029416573208,0.9711133157928908,13.751016056759287,23.17887887483992,29.981737296210262,36.92989493159921,41.607673273261405,43.63416200862805,49.09297330098172
2016/02/27,0.0,55.31626532260409,29.475702344449605,29.90889441817627,103.94956692756779,10.195566042528869,-0.6892241535548227,0.9398719398927233,13.278953200755556,23.358935765365363,29.90889441817627,36.63788896612092,41.884135610175825,44.38284127531558,48.44602837866107
2016/02/28,0.0,56.03110201167273,29.56444862764587,29.99479482704662,106.20590911971865,10.305625120278666,-0.6774264225223676,0.9235643186198232,13.594183595592721,23.334314596501475,29.99479482704662,36.928498192094196,42.06659357698495,44.55963881677796,49.151346359690976
2016/02/29,0.0,51.227498546706514,29.4245298270159,30.095778814795462,100.52427885060732,10.026179673764446,-0.7194937469236803,0.9885137014754992,13.217583546744887,23.29681610621444,30.095778814795462,36.51439965295933,41.734826353254405,44.063470240606094,48.8266821064912
2016/03/01,0.0,56.08589700231607,29.51659208219077,30.058321415215886,105.93797484768515,10.292617492537316,-0.7263997636259458,1.011427214476723,13.490860663171453,23.123462961984536,30.058321415215886,36.61432362515599,41.83470496370521,44.41941332459555,48.805713198646316
2016/03/02,0.0,51.555761221354246,29.31697547970472,30.045207558552622,105.29058900724266,10.261120260831303,-0.7910963706546646,1.036268218934811,13.144039542954499,23.26050812926538,30.045207558552622,36.40454767221988,41.87397769311843,44.235373609323425,47.67260698351117
2016/03/03,0.0,53.479188237102505,29.580686826001678,30.152540670897306,105.94664007487043,10.293038427736994,-0.7973443667268502,1.022778794341769,13.376518142509955,23.69346524077913,30.152540670897306,37.069983383289085,41.828607187112574,44.19256866170223,48.377826541610304
2016/03/04,0.0,54.83172156537409,29.76737272731449,30.27749870553366,98.44101648676,9.92174462918493,-0.7309885960461607,1.0526327322055624,13.305710666732892,23.586425363700386,30.27749870553366,36.89213603043328,41.48017961808905,43.9200131423925,48.314367943965344
2016/03/05,0.0,53.09154778475444,29.639513894526957,30.32660918770474,103.96980610660384,10.196558542302586,-0.73473786998258,0.998856624574187,13.33949435143112,23.5637717794556,30.32660918770474,36.90326613088672,41.74654833301765,44.39041048713664,48.98876061231373
2016/03/06,0.0,54.48965238997959,29.647099985632206,30.439615280301915,104.52541471573268,10.22376714893941,-0.814838355677894,1.0523680102925597,13.3453068852235,23.583991920294018,30.439615280301915,36.92929880551752,41.60888438685048,44.157636991318,47.47838318908174
2016/03/07,0.0,53.54077546673246,29.842797701162024,30.4010483997978,105.09262955395434,10.251469628982683,-0.7276666766087277,0.9915398890327025,13.438681973181392,23.65331609052367,30.4010483997978,37.09199806370506,42.123743805823054,44.85844327621633,49.34232733133084
2016/03/08,0.0,54.0882939299276,29.64200803731133,29.890297575577115,104.70579870350971,10.232585142744218,-0.7096433176653437,1.0313445645302903,13.306184375866973,23.54404725735687,29.890297575577115,36.85023163322384,41.66292720737588,44.59155884381932,49.96515721540531
2016/03/09,0.0,52.84140888712136,29.916104462997655,30.211620659048567,98.93841937705609,9.94677934695729,-0.7262498899018953,1.0936275407083245,13.311566580532762,23.84508956747785,30.211620659048567,37.15665614801061,41.964955004506685,44.40383399138031,49.14574126720604
2016/03/10,0.0,50.73184995945845,29.707131045599862,30.329981389133554,106.21474661725304,10.306053881930419,-0.8026803109948892,1.0182278894792258,13.622792292441858,23.48080964592151,30.329981389133554,37.10360193836337,42.08071140194969,44.5664157526159,48.34018911301196
2016/03/11,0.0,53.322061452843016,29.946931638867497,30.48617779798186,100.40486702064423,10.020222902742445,-0.7714730745606032,1.1146684676683853,13.16316166750832,23.78769615656592,30.48617779798186,36.95085782407424,42.09591382505259,44.26635476360862,48.349762278074245
2016/03/12,0.0,52.239156959473405,29.89357649159761,30.334382894122438,100.30154817370625,10.015066059378054,-0.7453847230046442,1.1399969431471662,12.788453589640895,23.857805060563408,30.334382894122438,36.6462586502043,41.947562700106374,44.788118548224475,49.027499148372634
2016/03/13,0.0,52.84720458676768,29.89580323686845,30.55587754265609,105.12585656303386,10.253090098259834,-0.7310881102094673,0.999170015499923,13.28504354689101,23.62715585801749,30.55587754265609,36.9121994049085,42.113330986484016,45.00937983840584,49.0803943787471
2016/03/14,0.0,53.66634388469102,29.7674163454634,30.454596396949224,104.01850891139166,10.198946460855241,-0.7893002057493372,1.079489104893665,13.286620914418673,23.69545975175193,30.454596396949224,36.9820806661706,41.99905702321065,44.34507927641091,48.47994457530011
2016/03/15,0.0,53.724354617371255,29.937960050301506,30.363185819706807,105.76273293855164,10.284100978624803,-0.7287103967006617,1.0362195377506196,13.408270005257645,23.91320174188787,30.363185819706807,37.321471747145516,42.18047124057843,45.24844141197344,49.72386225688178
2016/03/16,0.0,52.81010908845366,29.968218803816143,30.53842397628342,105.03280504175014,10.248551363082987,-0.8062422639688793,1.0649848629224317,13.220853971505033,23.985554768457337,30.53842397628342,37.20640873996237,42.215654947179964,44.5416464373948,48.298268974704825
2016/03/17,0.0,57.19691276037681,29.862564518537088,30.338178264922387,104.00276603273946,10.198174642196488,-0.7656206515201524,1.1325698742424422,12.926432648557796,23.972763751995405,30.338178264922387,36.8991964005532,42.06127097256734,44.38394009241399,49.238635859140345
2016/03/18,0.0,58.02625289427349,29.792428836940815,30.602600263865213,101.60706035787358,10.080032755793683,-0.7539355153039053,1.2440016451529825,12.588050681870023,23.948912994627207,30.602600263865213,36.53696367649723,41.72701132451976,44.76389958057195,49.00048177610645
2016/03/19,0.0,54.93415980563229,29.86433971225929,30.35711916301339,110.16496519331899,10.495949942397734,-0.7610402243789768,0.9522495644558155,13.71176281269117,23.798167328256646,30.35711916301339,37.509930140947816,42.43099917593807,44.72090089355498,49.61958475464105
2016/03/20,0.0,55.33404998263285,30.121128119464828,30.78996429565514,100.30937625168663,10.015456866847694,-0.7607307256033563,1.1596876437932884,12.87532860573048,24.21572880057441,30.78996429565514,37.09105740630489,42.21081234546046,44.83817115356644,48.66302743180603
2016/03/21,0.0,57.8103659270912,29.907371975422578,30.395730941458584,109.35819406974376,10.45744682366321,-0.806174759511964,1.0610159841684954,13.76164455397695,23.913873322864788,30.395730941458584,37.67551787684174,42.12522643921487,44.401512083678504,49.25988654547862
2016/03/22,0.0,54.956325040655656,29.92111981206238,30.489476911719684,106.19036812762596,10.304871087385129,-0.833477123809803,1.1012748033922648,13.47138124986813,23.986707328653665,30.489476911719684,37.458088578521796,41.86045889577153,44.15414974454964,48.5150088467628
2016/03/23,0.0,54.20943132492921,30.04869232257517,30.365277437837328,102.30672411229766,10.114678646022208,-0.7256340555811498,1.130708648966062,12.933320308892153,24.186349779617796,30.365277437837328,37.11967008850995,42.41304566012091,44.80307023895342,48.962339054305204
2016/03/24,0.0,54.935023805211664,29.809874124935746,30.282867746382607,105.79214561678155,10.28553088648231,-0.7875217410805068,1.154678253308457,13.083895249582035,23.941392871675852,30.282867746382607,37.02528812125789,42.019111777735304,44.4019215805961,49.35613067670341
2016/03/25,0.0,56.26941794782108,29.764466415831762,30.360073489015782,110.38672620330067,10.506508754258032,-0.7930568937419519,1.0734095046138163,13.420644757240506,23.711372533041686,30.360073489015782,37.13201729028219,42.40515426693252,44.786737925977484,48.80246109497606
2016/03/26,0.0,53.377012735632256,29.86059713324388,30.705071621225223,103.95377969295822,10.195772638351555,-0.8405106955528439,1.1339115779280444,13.290208920933221,23.675468072624664,30.705071621225223,36.965676993557885,41.83932569871394,44.00769057734385,48.205581307953295
2016/03/27,0.0,54.064669775302455,29.763697136358314,30.214421832427107,106.53548655495929,10.321602906281528,-0.8028168342558095,1.0936415124350654,13.30904913282474,23.626964115556795,30.214421832427107,36.936013248381535,42.22538555902156,44.391597305417136,48.11844807615189
2016/03/28,0.0,55.23205067372746,30.162963684923835,30.88291626215168,108.66503528711074,10.424252265132052,-0.7710317508704116,1.0528573735813187,13.767749685005057,23.823896806596267,30.88291626215168,37.591646491601324,42.10794443836536,45.3458666776125,49.85652602100895
2016/03/29,0.0,52.07642490092584,29.948678845661895,30.50355015953837,105.10895637493451,10.252265914174023,-0.7499417492929168,1.0976463947152713,13.244187202715647,23.809717702350905,30.50355015953837,37.05390490506655,42.0074871484258,44.96807080036029,49.794543628359655
2016/03/30,0.0,54.37049148833547,29.945754622433288,30.3784748785059,105.20693786370909,10.257043329522844,-0.7494381746869675,1.1061387063388035,13.178572445582045,23.94008125466976,30.3784748785059,37.118653700251805,42.15918287493371,44.708624985268614,49.353374853254266
2016/03/31,0.0,58.89177718669542,30.08761349283774,30.529628101326075,103.15540626770834,10.156544996587586,-0.7266957367682909,1.0732643047807704,13.27849312357679,23.90038961569464,30.529628101326075,37.17888273927143,42.34329350055473,45.07921314761783,48.97027706344565
2016/04/01,0.0,59.56989374600772,30.01106287353538,30.60191542691813,102.08123022766105,10.103525633543029,-0.7813292528921169,1.2272759833703004,13.22573717478707,24.15845428817571,30.60191542691813,37.38419146296278,42.17487771844473,44.63130838719149,48.27674376447243
2016/04/02,0.0,54.01199785510575,30.016773458606355,30.614099978169218,102.9134633979515,10.144627316858491,-0.7453862207517012,1.0614809667717644,13.27374088004494,23.931618638165517,30.614099978169218,37.20535951821046,41.907609393405835,44.841284075371206,48.79399146923444
2016/04/03,0.0,53.58021034847747,29.982053597609738,30.3876995465527,106.99335276807952,10.343759121715834,-0.7987705838870689,1.0619532246336791,13.74064273312678,23.9635602708298,30.3876995465527,37.70420300395658,42.08462763958604,44.40430948457081,49.70393920052129
2016/04/04,0.0,55.44801656966553,30.05026514885336,30.618462837573645,109.56002051798939,10.46709226662254,-0.7238572493020335,1.0257378849367398,13.504683944128466,23.946374672284747,30.618462837573645,37.45105861641321,42.557741201472375,45.461370097529525,49.136487280027836
2016/04/05,0.0,54.56600632573475,30.086650892391457,30.995505666719996,106.0009640443629,10.29567695901357,-0.7778196304650219,1.0346849267803466,13.404915196010492,24.057558298734108,30.995505666719996,37.4624734947446,42.42579643987494,44.72328768738495,48.93194882235697
2016/04/06,0.0,53.6254504686305,30.040536541449907,30.5263478188214,104.82343461796302,10.238331632544583,-0.7680790941010662,1.0956643206892744,13.16248713902317,23.75794857791903,30.5263478188214,36.9204357169422,42.38433086201431,44.858852543183076,48.90305840069201
2016/04/07,0.0,56.64428371784806,29.899820856249686,30.413859730999032,107.34454460509615,10.360721239619187,-0.7948633530543945,1.1552402087793125,13.049130521582924,23.949497507206054,30.413859730999032,36.99862802878898,42.39554141176892,44.39097146014755,50.27834744053663
2016/04/08,0.0,52.769768555030495,29.861431376405953,30.431920621110365,112.92708649526934,10.626715696548455,-0.8300860761252394,1.037035269237947,13.494537385630878,23.796565734594715,30.431920621110365,37.29110312022559,42.101704941398,45.414148790508115,48.81120767876649
2016/04/09,0.0,53.72668832222248,29.7642918603616,30.35777594167037,102.06895453805045,10.102918119932005,-0.8207468390043328,1.239542012689303,12.960857044464447,23.843105059788073,30.35777594167037,36.80396210425252,41.56923158081578,44.40233960760959,47.95717295003316
2016/04/10,0.0,54.49463435104864,29.940070680976362,30.741096228060243,103.93845783316483,10.195021227695646,-0.8325251052003636,1.1906133582562584,13.282098427175232,23.925152519610936,30.741096228060243,37.20725094678617,41.783997803548026,44.308956536134225,48.60920347142757
2016/04/11,0.0,54.91513974282064,29.825647049677908,30.625935185433622,108.64687123811981,10.42338098882123,-0.8302779093439897,1.0705356081579271,13.303818327012898,23.818065487092312,30.625935185433622,37.12188381410521,42.28173191389989,44.5982320914762,48.23637211806186
2016/04/12,0.0,59.16497487735464,29.67648421823958,30.48934940702344,107.82366997387838,10.383817697450123,-0.8390357973198675,1.146361326831069,13.059698354690106,23.759114120607983,30.48934940702344,36.81881247529809,41.504467543635045,44.32095209996845,48.661237897500875
2016/04/13,0.0,53.28979327940603,29.838275765167516,30.406499908304497,106.08467491229553,10.299741497353006,-0.767622782349163,1.0377417076094488,13.406181357670853,23.709633179325877,30.406499908304497,37.11581453699673,41.85511308140728,44.78493023614304,49.32329765741595
2016/04/14,0.0,53.47955778767969,29.896238534961313,30.339944381619997,103.88139170514113,10.192222118122286,-0.7534579358184256,1.1159203594711284,12.975095922615346,23.80169478306062,30.339944381619997,36.776790705675964,42.152873078416405,44.917147568665044,49.206077664009754
2016/04/15,0.0,56.573469501585,29.864003998012837,30.25393133551511,105.89642924856591,10.290599071412991,-0.7922931007168021,1.158681788334007,13.237381328570205,23.84019071894541,30.25393133551511,37.077572047515616,42.220831905018464,44.57245152971629,48.45206875277658
2016/04/16,0.0,59.83895596266126,29.844999020921033,30.59981603486449,107.66630810584766,10.376237666218312,-0.8198753329929569,1.0958342885665395,13.417803735363645,23.979998003677164,30.59981603486449,37.39780173904081,42.06870884253061,44.324038412714124,48.094660063672364
2016/04/17,0.0,54.792331032119606,29.742248855754358,30.06215008689429,108.56559007022678,10.419481276446865,-0.7380090427159942,0.9941813708066802,13.423309472493585,23.742344417818614,30.06215008689429,37.1656538903122,42.340674007120256,44.900084177269335,48.92503448818669
2016/04/18,0.0,57.21736963291194,29.436110935432016,30.16986595148959,108.7302681023106,10.427380692307661,-0.83491580563283,1.1199209347279346,12.802439778322395,23.71018080455915,30.16986595148959,36.512620582881546,41.59024316250299,43.96993797751625,48.39830853875808
2016/04/19,0.0,52.88078593921831,29.6962953379159,30.293599522298056,105.75422056157073,10.283687109279956,-0.7915075260613359,1.100688874703501,13.205153167912794,23.742934315808316,30.293599522298056,36.94808748372111,41.72108549251282,44.66195045284621,49.06001095227914
2016/04/20,0.0,51.31046009936886,29.65789361075318,30.235315415606777,104.32795808771469,10.214105838873744,-0.8184345290559548,1.1145236408627586,13.042284632709467,23.715783321591424,30.235315415606777,36.75806795430089,41.98970555847889,44.27556293587784,47.97017591271555
2016/04/21,0.0,53.08107585427719,29.738841529170912,30.154129561195944,100.3830592588283,10.019134656188044,-0.7581313254653964,1.1311635715717427,12.994628344572615,23.707948985479877,30.154129561195944,36.70257733005249,41.643510249965296,44.350861868436915,48.561236679641205
2016/04/22,0.0,59.31456146305396,29.84850363904322,30.15608188602374,103.39266700309676,10.168218477348761,-0.7211006085474913,1.0366768396726944,13.402780528101182,23.743806280447046,30.15608188602374,37.14658680854823,42.02406475878283,44.76765712861322,48.5208371595645
2016/04/23,0.0,55.36426498380503,29.814444945903006,30.297375960742503,105.48314314157089,10.270498680276965,-0.7623053115160475,1.0225214181037168,13.63078401501868,23.50333895846607,30.297375960742503,37.13412297348475,42.01158016996231,44.33660188168278,49.01168167413441
2016/04/24,0.0,52.087442396171845,29.658336876490235,30.30916156564757,103.21320469918615,10.159389976725283,-0.8044836249571261,1.0809680970290954,13.004633075540674,23.79673388251711,30.30916156564757,36.801366958057784,41.85938623335699,43.99463187295385,48.249136606351215
2016/04/25,0.0,54.97773900151167,29.666518393641887,29.971139470101846,103.37485387136762,10.167342517657582,-0.7449193336851384,1.1047776293335114,13.021924851696475,23.75371325700106,29.971139470101846,36.775638108697535,41.699273578370295,44.293306018303085,48.71865990675462
2016/04/26,0.0,52.40177857230167,29.640687824128555,30.239109053141654,104.22708691752335,10.209166808193672,-0.7708417446811748,1.0493816783189809,13.356628622987937,23.58725242748,30.239109053141654,36.94388105046794,41.78720929580142,44.14399704870799,48.75583505084275
2016/04/27,0.0,51.42634137799472,29.556442760257646,30.1922861435541,103.36203735958166,10.166712219768083,-0.8217381327065634,1.0791127232015993,12.962307522367688,23.764407767002602,30.1922861435541,36.72671528937029,41.77276241473046,44.06129174060345,47.73288421063448
2016/04/28,0.0,54.947840441880274,29.251773595123044,29.875863333355245,108.21672668424908,10.402726886939265,-0.7677142828505441,0.987254569090434,13.333346792929415,23.309040492670977,29.875863333355245,36.64238728560039,42.065046810481796,44.35765872697999,47.74920116525579
2016/04/29,0.0,52.74809153257726,29.56426490961735,30.16020517693018,101.12028247666477,10.055858117369436,-0.7618457022536709,1.1033160185542323,12.858274638415779,23.576634428976995,30.16020517693018,36.43490906739277,41.70692874092653,44.20463324332122,48.46274397696689
2016/04/30,0.0,53.65453150870214,29.45926403723505,30.053560157116763,108.08642428433267,10.396462104212791,-0.726569165736815,0.9006098163985392,13.553212932274349,23.392565751399744,30.053560157116763,36.94577868367409,41.97922082805975,44.805170654687664,48.18641016586629
2016/05/01,0.0,53.36720826537423,29.4342324507311,29.882567231415067,110.83834313748217,10.527979062359602,-0.7157811263680577,0.9058216071770078,13.841753525563536,23.197683762632213,29.882567231415067,37.03943728819575,41.58267417060146,44.5871111182079,49.67972200277647
2016/05/02,0.0,50.76185437100705,29.456638950008855,29.798816183898808,105.30916512227124,10.262025390841286,-0.7912196454122217,0.9845648469317259,13.380022062270651,23.46651361924923,29.798816183898808,36.84653568151988,41.61884439402908,43.99641802660328,47.74253610082416
2016/05/03,0.0,56.34006748054452,29.521420463885125,29.811599896964914,101.53829937200402,10.076621426450634,-0.6907469140822172,0.988069163622685,13.313421046134643,23.44943546529438,29.811599896964914,36.76285651142902,41.55491297946588,44.254208318517975,48.48574065939822
2016/05/04,0.0,54.45724559297404,29.256151432804614,29.868068309461684,105.54666638227401,10.27359072487677,-0.7414412740078912,0.9257807960075883,13.256234902485627,23.254617278330738,29.868068309461684,36.510852180816364,41.58149521440445,44.18466042957215,48.442902408441576
2016/05/05,0.0,52.81725763045228,29.372382422776685,29.65229555750372,106.13768977664022,10.302314777594413,-0.7348992326370434,0.9345758616485691,13.2136074015533,23.393041299442846,29.65229555750372,36.606648700996146,41.882634744230394,44.42230462338331,47.80257260166541
2016/05/06,0.0,53.006263579185365,29.292640653014587,29.89236775447096,104.57406921365347,10.226146352055277,-0.7365009194996546,0.9305885871994177,13.404199174244937,22.958816032486936,29.89236775447096,36.36301520673187,41.81678488171696,44.347906793184755,48.17631551073453
2016/05/07,0.0,56.96328628662462,29.167178961527064,29.903928588544975,101.22440189481631,10.061033838270117,-0.7634595305965443,1.10037471009288,12.911389634212693,23.027863252996017,29.903928588544975,35.93925288720871,41.08414676186582,43.51188848591228,48.776100385316944
2016/05/08,0.0,53.3523078757885,29.31032456824557,29.883140252134808,103.742675149255,10.185414824603612,-0.728621237470117,0.9416024811871457,13.045872547401853,23.314173663611893,29.883140252134808,36.360046211013746,41.8790828028301,43.94161593810418,48.32092235242294
2016/05/09,0.0,54.95509624352939,29.14991334888733,30.00444483377806,104.1212646296717,10.20398278270165,-0.7812956377630156,1.016457867227761,13.255186099355441,23.083455072984243,30.00444483377806,36.338641172339685,41.119339240589895,43.718577389245574,48.21826298238017
2016/05/10,0.0,57.97262682818822,29.11029432374288,29.593056140338117,104.72415470291986,10.233482041950328,-0.7429392129054033,0.9748808457166689,13.200496632865626,23.087814049770824,29.593056140338117,36.28831068263645,41.367324887384584,43.909298944226144,47.87994535746108
2016/05/11,0.0,54.82764502690586,28.87113907004267,29.344175271920346,104.72396014781246,10.233472536134176,-0.7467563523520137,0.9989031700037208,12.92378118963748,23.10169262604991,29.344175271920346,36.02547381568739,41.1093040253644,43.76609242671772,48.097811819075076
2016/05/12,0.0,55.476166251138885,29.070939311133785,29.426335040758197,102.43760210471257,10.12114628412773,-0.6931182597098764,0.8856544032485294,13.11005546335311,23.117175214528583,29.426335040758197,36.22723067788169,41.22261716126192,43.759720640142916,48.55465664305292
2016/05/13,0.0,55.76520316468002,29.065225661716628,29.92669829491352,103.36271139132396,10.166745368667593,-0.6997660595927956,0.9332015963033977,13.08560650086929,22.89976654791291,29.92669829491352,35.9853730487822,41.46192450626214,43.952086838938726,48.057533301424975
2016/05/14,0.0,53.51563487662632,28.993188587837178,29.486932925734504,102.53936397255532,10.126172227083407,-0.6499896601754486,0.8340625322660737,13.525675653605138,22.759353885651418,29.486932925734504,36.285029539256556,41.35167343214541,43.87601438738229,48.30179817921924
2016/05/15,0.0,54.489951480002624,29.047459528477383,29.666849923598587,104.71868177652675,10.233214635515408,-0.6849026338006587,0.8538509137414154,13.185197043028388,22.860454882026623,29.666849923598587,36.04565192505501,41.502571986203606,44.1580675719098,47.51597104054251
2016/05/16,0.0,52.81886552107528,28.920478314011937,29.43462003685213,105.63446934633485,10.277863072951247,-0.6815256546791751,0.8448409305444473,13.121402737233328,22.895607752007148,29.43462003685213,36.01701048924048,41.28183100834071,44.09568562431191,48.479135299236106
2016/05/17,0.0,52.891121530117296,28.94993846234328,29.59115418756013,101.26368876821591,10.062986076121536,-0.7063855551895039,0.833799149285781,13.845389395896206,22.627068313546957,29.59115418756013,36.47245770944316,41.10680979477014,43.520053031091024,47.33251374711388
2016/05/18,0.0,54.72532004983003,28.9014758656855,29.328606502995395,99.98893881564886,9.999446925487872,-0.6512653644250173,0.8751681290370601,13.34235691182818,22.604045848912246,29.328606502995395,35.946402760740426,41.01220056889137,43.44659623151608,46.907433333715936
2016/05/19,0.0,51.95241377658232,28.930811267306854,29.451069653862,100.45039278268315,10.022494339368976,-0.6604490778926608,0.8554822281488508,13.564767413033206,22.588211772340923,29.451069653862,36.15297918537413,40.96254168333467,43.87974064668333,48.138871434214785
2016/05/20,0.0,53.242578821979805,28.689413379090492,29.56733750820601,106.38074386352105,10.31410412316654,-0.6985713299600488,0.7926416288028069,13.470235063850733,22.465206289727096,29.56733750820601,35.93544135357783,41.136907981891866,43.54221930598759,47.5690564413807
2016/05/21,0.0,52.32745055943925,28.41179280496602,29.20892234435193,104.66272856112292,10.230480368053248,-0.7433864159710063,0.852572224520038,13.314466142944166,22.32441286861535,29.20892234435193,35.63887901155952,40.374744330162265,42.887572045848344,47.509527533385715
2016/05/22,0.0,58.262120362715535,28.710638411077877,29.107494813417503,98.6837455830686,9.93396927633001,-0.6512037548282011,0.9095373067876982,13.328126000144394,22.60796682782457,29.107494813417503,35.93609282796896,40.65789852735619,43.24947869888427,48.19440747133788
2016/05/23,0.0,54.10987837969521,28.470899375374806,28.95472414075498,99.99174840935902,9.999587411956506,-0.7060638370397125,0.9245090434834506,12.83748681941637,22.55421644949171,28.95472414075498,35.39170326890808,40.51804873085877,42.82662789337705,47.8927762097749
2016/05/24,0.0,49.9600902473766,28.270699137431656,29.051123492745532,100.84881059289361,10.042350849920233,-0.7348318157723372,0.8342068872041812,13.530626647446653,22.16139755155892,29.051123492745532,35.69202419900557,40.2042414536717,42.58188593331836,46.810604080124165
2016/05/25,0.0,55.07783604914308,28.671384080679328,28.88699069330614,98.95356477892713,9.94754063972232,-0.5678853127022224,0.7505062870300101,13.524811055827811,22.1891604094491,28.88699069330614,35.71397146527691,40.92577926102446,43.73392476887585,48.201006946473136
2016/05/26,0.0,52.60004504199144,28.31821730721616,28.74679814363914,97.87114534396558,9.892984652973317,-0.6654941720153335,0.8877715725174604,13.373370374976368,22.09379215722833,28.74679814363914,35.467162532204696,40.28528565277757,42.67684418500076,47.39675403346046
2016/05/27,0.0,52.44933545169309,28.35910852055659,28.78997401252926,96.30605751802794,9.813564974973566,-0.7162568934446502,0.8942542640973934,13.09332469867488,22.390987831470238,28.78997401252926,35.48431253014512,39.807949356753234,42.047794621787396,47.15223858841196
2016/05/28,0.0,52.256818783019625,27.983333760279596,28.767923385839403,105.70788318293395,10.281433906947706,-0.721721946640167,0.7139431225735495,13.366168201731643,21.878187228469624,28.767923385839403,35.24435543020127,40.35828532375319,42.706086008932004,46.39389621318937
2016/05/29,0.0,52.867270312857336,27.896866729673718,28.42013436420921,103.49127896094933,10.17306634997282,-0.6895212841688415,0.7222870010490157,13.368715468019346,21.805103079428868,28.42013436420921,35.173818547448214,40.06514968134931,42.60900356832897,46.69203983224794
2016/05/30,0.0,52.3152485194755,27.9000168885346,28.480207573960648,100.90876904948861,10.045335686252033,-0.7246481988599283,0.8072146732694536,13.207860562523457,21.928210700743833,28.480207573960648,35.13607126326729,39.72912688628567,42.35575752988381,46.33510621968184
2016/05/31,0.0,52.37204319901736,28.20460286938885,28.566622597228204,101.10326489984645,10.055011929373652,-0.6419254950943127,0.7230927703484706,13.414504781506636,21.924166192640698,28.566622597228204,35.338670974147334,40.37983245117149,42.60574633437552,47.22234559237894
2016/06/01,0.0,51.87766612812446,28.19870788235656,28.842089382337303,96.02648984631993,9.799310682202087,-0.6371085917857587,0.7946861436408104,13.149476754744573,21.95592979427936,28.842089382337303,35.10540654902393,40.02233005515904,42.94261951276964,46.7287932399434
2016/06/02,0.0,52.63899949516551,27.899220461475903,28.0407593086235,97.74804756695123,9.886761227366181,-0.5850397695194572,0.7318860768291273,13.108153644459133,21.9047962209597,28.0407593086235,35.01294986541883,39.864301947405664,42.53171447562928,47.099550704896906
2016/06/03,0.0,50.60389918024969,27.91528033059461,28.435585403808943,100.467279471832,10.023336743411946,-0.6670977629737224,0.7347645713869615,13.122891161032143,21.78709016414689,28.435585403808943,34.90998132517903,40.36582964697435,42.58539334590113,46.522681027461466
2016/06/04,0.0,50.696916977291785,28.00971767813237,28.49265310466653,100.12143932846428,10.006070124102882,-0.6826761432409441,0.7087461750434758,13.210550693579332,22.12299325295584,28.49265310466653,35.33354394653517,40.224029942001515,42.601380780024954,46.02340025641947
2016/06/05,0.0,52.14010375441393,27.94371348496457,28.33562001163496,96.99015433080967,9.848357950989072,-0.590688336024994,0.6410454766523195,13.360002638139914,21.72132092854952,28.33562001163496,35.081323566689434,39.924433354167036,42.64847116347878,46.81368899028923
2016/06/06,0.0,50.41115584244271,27.72318300569966,28.356966685871583,98.32076491024203,9.915682775797238,-0.6531152446186926,0.7214634602709826,13.217136095214904,21.634611106861406,28.356966685871583,34.85174720207631,39.646414502607115,42.06917559979257,47.069995699305764
2016/06/07,0.0,52.31619950845104,27.686215959489108,28.22807387382823,96.03075231268276,9.79952816786006,-0.619391778824447,0.684025911841776,13.131152210608505,21.571174274242026,28.22807387382823,34.70232648485053,39.69285060080053,42.40980259243412,45.76957118022267
2016/06/08,0.0,52.29067722454944,27.504664768064373,28.0413286567058,101.1903421941252,10.059341041744494,-0.6208918781171191,0.6633893549806626,13.285733369545731,21.27196105076134,28.0413286567058,34.55769442030707,39.9443115435721,42.51266621650255,46.79404342763636
2016/06/09,0.0,52.54305989355295,27.631748071764083,28.121321582652588,97.9240330103143,9.895657280358607,-0.6403519368998472,0.6812482810906917,13.370657923065622,21.33364659168852,28.121321582652588,34.70430451475414,39.33499213750644,42.07727609799278,46.64523118297932
2016/06/10,0.0,52.522741159269785,27.431909846850857,28.08697860888174,99.71980298368956,9.985980321615378,-0.6331895801637084,0.661111265569911,13.212402017701706,21.128148781601126,28.08697860888174,34.34055079930283,39.57572067157009,41.99692146000333,46.544828395800764
2016/06/11,0.0,55.52242912483855,27.595361689203674,27.76738845451752,96.00600348178519,9.798265330240103,-0.4967734363214015,0.6514142316831268,13.12579899129248,21.389478202345348,27.76738845451752,34.51527719363783,39.24246296637675,42.32627410677464,47.15401949255903
2016/06/12,0.0,52.22005367598018,27.272325134976388,27.934325172030597,94.8269143200096,9.737911188751395,-0.6740414244272923,0.721415854420945,12.961140858774538,21.322825979066724,27.934325172030597,34.28396683784126,38.78971428796884,41.44489056283073,45.598271114936345
2016/06/13,0.0,51.93399193132048,27.38275767058989,27.976436967151887,98.52836715729123,9.926145634499386,-0.600675432492717,0.5833318758969854,13.51523794095889,21.143867290518052,27.976436967151887,34.65910523147694,39.48735883138847,42.12602141897486,46.208043144736294
2016/06/14,0.0,50.938985413782845,27.16935924013079,27.470704843027768,96.3606666665745,9.816346910463917,-0.6097740998961981,0.6282229191632251,13.197302453961903,21.090197190335836,27.470704843027768,34.28749964429774,39.21784470632647,41.43040591407549,45.912167329021514
2016/06/15,0.0,52.56309391402524,27.225638242335734,27.733975473863243,100.62505569295296,10.031204099855259,-0.5934152255008652,0.5285769502774871,13.40925315243706,20.918984069388777,27.733975473863243,34.32823722182584,39.47526989315993,41.738058775698754,46.05590548680537
2016/06/16,0.0,53.128975213931554,27.24969618149877,27.722650092023002,98.99494545415064,9.949620367338175,-0.5984286999065425,0.5396104512394957,13.425603410750245,20.987929356528117,27.722650092023002,34.41353276727836,39.54371837971223,41.77046426090747,45.39998714022924
2016/06/17,0.0,49.77402079989156,26.886565343762506,27.362429910275754,97.98322468543068,9.898647619014968,-0.5795712047326216,0.5017184346332835,13.379865139597847,20.747764500764212,27.362429910275754,34.12762964036206,38.877760595622156,41.130469055762276,46.397821465095824
2016/06/18,0.0,53.120132020343846,26.951060532058534,27.271744288259143,97.39432941536194,9.868856540418546,-0.5762467653537615,0.5502269304657856,13.693261449193002,20.689349197008582,27.271744288259143,34.382610646201584,38.71873405409081,41.28358325424375,45.87103813670681
2016/06/19,0.0,48.33409436124623,26.860053864395375,27.31161592618122,99.9017280838678,9.995085196428683,-0.6074301551871726,0.46503321538958353,13.753195292970645,20.75586630562939,27.31161592618122,34.509061598600034,38.80085796339432,41.638655185842566,45.01908744866226
2016/06/20,0.0,48.75178762528192,26.861345072320468,27.174302513911623,98.77261119517806,9.938441084756606,-0.5721184451132909,0.5003718029352444,13.425644518482862,20.575874467231955,27.174302513911623,34.00151898571482,39.11131396875535,41.709754634114645,45.761807564840396
2016/06/21,0.0,54.69326060045249,26.899594936491486,27.213178111376287,93.91155711756261,9.690797548063967,-0.5351251439758867,0.5395002497391803,13.131394689475407,20.74629229947554,27.213178111376287,33.87768698895095,38.75649813529951,41.52759729566547,45.28027332754049
2016/06/22,0.0,51.28303386238666,26.72492809221906,27.007393014603483,94.42191303120566,9.717093857280872,-0.5360149890807516,0.5499055479595274,13.042383317695041,20.58234469807251,27.007393014603483,33.62472801576755,38.812676781521986,41.325150879165214,45.553886618596955
2016/06/23,0.0,51.37671280623245,26.692465475379503,27.279195373942727,94.94202404268034,9.74381978705889,-0.5534175958455723,0.49034106863956195,13.154388932079904,20.45732821453678,27.279195373942727,33.611717146616684,38.3968272524439,41.37125237221817,45.504727479478504
2016/06/24,0.0,50.50749119296377,26.60102146384741,27.02092027171921,96.77355101898523,9.837354879182982,-0.5363436862189734,0.4648903343419346,13.242563834797597,20.42621763437366,27.02092027171921,33.66878146917126,38.57942452584256,41.29050641411229,46.02018080429517
2016/06/25,0.0,55.36704408312957,26.62275501094159,26.82261691238442,95.05395567697433,9.749561819742175,-0.5534343586587056,0.5684386988602372,12.700973880832382,20.580714123069225,26.82261691238442,33.28168800390161,38.58952678143228,41.30843240102367,45.197881859446895
2016/06/26,0.0,51.75089697531963,26.503341573748624,26.877413450356357,94.54755759838129,9.723556838851783,-0.5025992289305055,0.45759112909596,13.27695861211594,20.301426463454888,26.877413450356357,33.57838507557083,38.62078023316558,41.29815350353885,45.086430298492886
2016/06/27,0.0,50.09755797823627,26.310201608375394,26.842971144320984,97.95053001282437,9.89699600953867,-0.5330283916638454,0.4700760662554311,13.02198411642944,20.08181379000334,26.842971144320984,33.10379790643278,38.58230473889648,41.40407098441757,45.65894872916846
2016/06/28,0.0,51.73530725394166,26.284329327795536,26.804290579104013,100.29926319141637,10.014951981483305,-0.5483103832812003,0.3928303591155764,13.826258718624356,19.66733836992069,26.804290579104013,33.493597088545044,38.22206591565483,41.34084385691681,45.6553985489357
2016/06/29,0.0,52.4988295044478,25.960171384246927,26.507142725858397,95.82229721358796,9.788886413356115,-0.5860440821980427,0.5200280001022013,12.860728968124608,20.0293177681996,26.507142725858397,32.89004673632421,37.715012601868445,40.46324675159208,44.45450296059305
2016/06/30,0.0,48.57686560467992,26.074319633328265,26.46530182919153,93.90454836015108,9.690435922090971,-0.575604513393147,0.44302484538361586,13.252712083927783,19.96029662790621,26.46530182919153,33.21300871183399,37.85618155662701,40.44751470016551,44.32348255413014
2016/07/01,0.0,50.88964465689182,26.008522298140736,26.518774870904128,96.26830232260096,9.811641163566927,-0.5489310603510755,0.3633411123246222,13.645834776783023,19.50413044237752,26.518774870904128,33.14996521916054,38.061115304824376,40.619191860614585,44.21403759981003
2016/07/02,0.0,49.7647928188621,25.85680603103471,26.33416755528864,99.4829763913449,9.974115318731025,-0.5639056117499198,0.3643192798314394,13.354671100825406,19.790488643781153,26.33416755528864,33.14515974460656,38.10635453183681,40.24736329725513,44.562496536882996
2016/07/03,0.0,54.21234141880528,26.177767209105866,26.261092499041748,97.20250550710188,9.859133101196162,-0.44858025255918993,0.37020401817168125,13.573753218871502,19.86958435114761,26.261092499041748,33.44333757001911,38.42434244941281,40.99262271440324,46.03758042554015
2016/07/04,0.0,50.773558986980575,25.960882166788124,25.999422220225807,97.4804511612309,9.873218885512005,-0.46487392293186214,0.39479282307655383,13.338974329596756,19.698413817737855,25.999422220225807,33.03738814733461,37.956813977182826,40.58058299574533,45.7984279184476
2016/07/05,0.0,50.42992083276575,25.85736105574089,26.24021846892411,96.13737758602412,9.80496698546324,-0.5174121845625009,0.44525361275598874,12.979397079241174,19.86444484250122,26.24021846892411,32.843841921742396,37.7286460104108,40.45808037923745,45.641896859781305
2016/07/06,0.0,47.6976288512294,25.64467507596829,26.462918525276784,93.93588851554233,9.692052853526043,-0.5739930113294667,0.3727946168130192,13.33492895156947,19.42133067841154,26.462918525276784,32.75625962998101,37.46340591900581,40.03654465571656,44.09946017743174
2016/07/07,0.0,50.2921348109485,25.89539896113703,25.88276219411144,93.32464492683742,9.660468152570942,-0.46139924815772826,0.2957912216859282,13.393459749831411,19.63094734810424,25.88276219411144,33.02440709793565,38.13209953411491,40.686161820938636,44.56315707747058
2016/07/08,0.0,55.68248482559139,25.7066829299572,26.36056741670005,94.73131175936686,9.733001169185528,-0.5236361751650065,0.3855963147993364,13.253020843779726,19.372323608529992,26.36056741670005,32.62534445230972,37.4106589088288,39.986378946082866,45.064601501732845
2016/07/09,0.0,51.0266392602827,25.475333381907543,26.026777675155056,95.16119724006793,9.755060083877902,-0.5383448817282624,0.3364204177800154,13.550168455337452,19.077212271176077,26.026777675155056,32.62738072651353,37.390798542280784,39.75863353458813,44.008280747622216
2016/07/10,0.0,52.974468093687385,25.622265385821947,25.99462444115393,97.1040745359321,9.854139969369834,-0.4489164757628588,0.2916222347716544,13.924896189343023,18.86591520372508,25.99462444115393,32.790811393068104,37.89857400040442,40.741636798592786,44.61371239220571
2016/07/11,0.0,51.060571932648585,25.50418517828206,25.8445755293641,91.27843254886326,9.553974698985929,-0.47505228384794823,0.3710895124907312,12.856782818979834,19.349183482593606,25.8445755293641,32.20596630157344,37.12423526656876,39.86147608216108,44.47705044432873
2016/07/12,0.0,48.68670878715192,25.32244610532732,25.896263469875255,92.06096737726062,9.59484066450614,-0.5201419380138409,0.2938484038808098,13.313236585467628,19.082621637773755,25.896263469875255,32.39585822324138,36.97197366237345,39.182603083523695,43.4131201726125
2016/07/13,0.0,48.056752018125735,25.35962674389278,25.392141063222766,94.79971918979572,9.736514735252841,-0.4723682995530804,0.2492790966707812,13.493889903147885,19.059584731671816,25.392141063222766,32.5534746348197,37.68818222399267,39.849664464758824,44.129208548759514
2016/07/14,0.0,53.15077321443445,25.519996216046795,25.695491537964337,92.34929315133753,9.609853960978676,-0.46311818948076566,0.2624334779033526,13.23877827516683,19.158604695429425,25.695491537964337,32.397382970596254,37.576779374904845,39.8304844356655,44.10774427448166
2016/07/15,0.0,47.00385419920846,25.039525702367452,25.19330115156272,95.73477117919062,9.784414708054367,-0.42813498667262584,0.2318486024845554,13.196364331004702,18.75621808533066,25.19330115156272,31.95258241633536,37.56643699413199,40.42978150715213,44.28296305919993
2016/07/16,0.0,49.31052776168726,25.317653860005766,25.642644677619813,94.33116408919848,9.712423183181347,-0.4606266045054894,0.19597490643305582,13.522123017178817,18.841950132239983,25.642644677619813,32.3640731494188,37.250966135772444,39.97269123286765,44.02860274077697
2016/07/17,0.0,49.41643814034247,25.11010256970567,25.47738150912067,87.85213874928478,9.372947175210408,-0.5120834943412316,0.3115791081955268,12.952352822203228,19.005032208628084,25.47738150912067,31.95738503083131,36.68125823606597,38.99209269748358,42.25386206267008
2016/07/18,0.0,48.00505828795855,24.92708465810334,25.380132345697042,93.35682081890789,9.66213334719139,-0.5084267675608821,0.2846480518859895,13.13530553194525,18.802328638685996,25.380132345697042,31.937634170631245,36.868094431752084,39.50032731501426,43.333936943321135
2016/07/19,0.0,47.06929016856396,24.982328433814573,25.321834700569553,92.18176920802115,9.601133745970897,-0.44579376879582894,0.2795777976956413,13.266746856460465,18.616274344243998,25.321834700569553,31.883021200704462,37.08680883215872,40.00209333204932,43.735990793080035
2016/07/20,0.0,52.133045960765685,24.925292775559132,25.25595230724198,94.20336465444466,9.70584177979657,-0.4426539452315647,0.2000362672109337,13.28717146717662,18.756077562029716,25.25595230724198,32.043249029206336,36.95696074086132,39.31476707532682,43.1855870930494
2016/07/21,0.0,48.645841746576096,24.926976347205862,25.066804363602408,93.71838285786106,9.680825525638868,-0.4243829337724428,0.1710840493747261,13.641809824752691,18.56542659160749,25.066804363602408,32.20723641636018,37.2233794052088,39.47099482869459,44.076657517699324
2016/07/22,0.0,49.82548887776145,24.725776901732242,25.065462101687235,93.25191667722146,9.65670319918871,-0.42149778475904204,0.1689225802386809,13.374386856211554,18.43918753786935,25.065462101687235,31.813574394080906,36.45855494533103,39.423197638982295,43.60249382696824
2016/07/23,0.0,50.82408468504451,24.62620668396617,24.921862744348136,94.60973413499293,9.726753524943096,-0.4396708971397582,0.1795807007123824,13.543871188829918,18.124890698525476,24.921862744348136,31.668761887355394,36.69667276072128,39.562233652526935,43.72263329256355
2016/07/24,0.0,46.79103793643628,24.774968074949893,25.21264275462631,94.62217030575437,9.727392780481026,-0.44218668207964335,0.10003536457444362,13.954743061211488,18.33378493258978,25.21264275462631,32.28852799380127,37.23432995476992,39.48980204472968,42.81616138506289
2016/07/25,0.0,48.33808138140469,24.603819437178704,24.85994052105269,88.7984507504063,9.42329298867473,-0.39796054800533304,0.1636983158014007,12.893256168400555,18.511796909983275,24.85994052105269,31.40505307838383,36.71389566295779,39.03228325465975,42.98467911672609
2016/07/26,0.0,49.0169049243765,24.696957023491922,25.078009576232603,91.20738222952899,9.550255610690689,-0.3644905877366616,0.12750774315471203,13.514609074753182,18.021709762655547,25.078009576232603,31.53631883740873,36.931855012962274,39.03444728106337,43.9753604052145
2016/07/27,0.0,46.512061116869205,24.537162698544382,24.86874834999925,87.74000311924858,9.366963388379853,-0.4001350800845328,0.11407720270116295,13.296401774640998,18.241840159796443,24.86874834999925,31.53824193443744,36.38540919393116,38.737006697189585,42.761897435497595
2016/07/28,0.0,48.57055419405418,24.466566277259147,24.8055646286858,91.4675855932692,9.563868756589521,-0.39202319957883536,0.13192782260219138,13.087867603187672,18.172001768093132,24.8055646286858,31.259869371280804,36.76436331337686,38.97549586048767,43.05076687414231
2016/07/29,0.0,49.19397056365779,24.49223389429303,24.622021841504633,88.04085613411269,9.383008906215142,-0.4162084089667558,0.14157153357870333,13.068028611635917,18.44029615354783,24.622021841504633,31.508324765183747,36.43747240424,38.54052718232453,42.23544434335898
2016/07/30,0.0,49.863183983330615,24.273601738651045,24.426188033171375,92.30092272650273,9.607336921670996,-0.3509156607168209,0.16824054018628054,13.016610438637056,18.161859197888834,24.426188033171375,31.17846963652589,36.41197092782966,38.926174927940025,43.89223854109701
2016/07/31,0.0,47.34777960511134,24.404299121059946,24.81852149913441,93.60229686552884,9.674828001857648,-0.4220726142177784,0.13073819920459284,13.405069898143989,17.93221697139641,24.81852149913441,31.3372868695404,36.26800999760982,38.80515742526167,43.80263375559955
2016/08/01,0.0,48.2278666376281,24.048256074555237,24.464957701839676,92.2356014912645,9.603936770474101,-0.41759099599932736,0.1155429555657328,13.233333227111153,17.750534504072355,24.464957701839676,30.98386773118351,36.128875064650515,38.94050625968003,42.49385557073505
2016/08/02,0.0,49.76194983221485,24.190053979195206,24.19617220661386,90.36743501223346,9.506178780784289,-0.3779736694348257,0.09948466428371416,13.354596277864804,17.867467527385088,24.19617220661386,31.222063805249892,36.01583312761573,38.64866514087214,42.9702389776073
2016/08/03,0.0,48.12809748984722,24.012579825652445,24.429296978105484,91.52041189008446,9.566630121943906,-0.3830896712539222,0.10106086780978663,13.553813079086936,17.638741412457513,24.429296978105484,31.19255449154445,35.70187364674465,39.033922220488975,43.21444200669693
2016/08/04,0.0,52.37503751275837,24.058833749977886,24.331826895565467,90.66176394189604,9.52164712336558,-0.37500026906545564,0.1798240930914483,12.962473664320914,17.84994553309275,24.331826895565467,30.812419197413664,35.69965928935687,38.259096021221225,43.70948491386041
2016/08/05,0.0,51.61556694318585,23.914871874512105,24.188166330197404,90.25183204267503,9.500096422809351,-0.34236221860048394,0.1608674589806598,13.020340622566195,17.527783101486197,24.188166330197404,30.54812372405239,35.90861950654054,38.612199059798115,43.176260073906604
2016/08/06,0.0,50.46357474555466,24.030673614617154,24.156507158842615,92.30102885844232,9.607342445153202,-0.3726612150539026,-0.0023081545621845834,13.79612535496284,17.46608992460453,24.156507158842615,31.262215279567368,36.175869216840475,38.63484752729174,42.44258840709389
2016/08/07,0.0,49.36165093605951,23.955492039773613,24.13982499403219,86.27161274277537,9.288251328575006,-0.38782192936560506,0.14856585323023452,12.798072724600988,17.718215788443658,24.13982499403219,30.516288513044646,35.50912896620256,38.40882837778032,42.31932119763867
2016/08/08,0.0,48.93445242215804,23.822230012468566,24.15787319406528,87.24696583868445,9.340608429791095,-0.39951738082723337,0.11475397488527594,13.240552145670701,17.56650089425457,24.15787319406528,30.80705303992527,35.36957465605699,37.6273850196312,41.99753494962161
2016/08/09,0.0,48.53148881910697,23.863327059420477,24.01976927096428,90.06549323688357,9.490284149427959,-0.32533253537092227,0.06973015230411805,13.364954908978852,17.31753800089062,24.01976927096428,30.682492909869474,35.81021675107018,38.27193574294561,43.96223711614215
2016/08/10,0.0,50.08042461567732,23.772342673166417,24.10471538971271,89.92908657603509,9.483094778395664,-0.34446142658462053,0.0143428419941376,13.5830312179216,17.16193928049148,24.10471538971271,30.744970498413082,35.40038710123694,38.25448241960379,42.13749265645058
2016/08/11,0.0,49.87387925548279,23.454445509495322,23.689267689032658,94.53232892009541,9.722773725645137,-0.3409992022489936,0.018161573750457904,13.379289334526351,17.06753808418201,23.689267689032658,30.446827418708363,35.51559711217737,38.1270647451077,43.26988154360106
2016/08/12,0.0,45.53629349666715,23.664556909352537,24.27531870810189,89.10183860133164,9.439377024005962,-0.39777500527288306,-0.008131081945033092,13.47900547395755,17.0243262573155,24.27531870810189,30.50333173127305,35.591794821035904,37.81526652746403,41.85970276482151
2016/08/13,0.0,46.38940995255848,23.446372167367933,23.530990514404948,91.03399770835104,9.541173811871946,-0.36508734832777756,-0.03650285178177359,13.435853171477309,17.042086320029945,23.530990514404948,30.477939491507254,35.71307478938909,37.84591125182959,42.00825964285029
2016/08/14,0.0,46.742094933788,23.63548449452286,23.89217490044777,87.01258634366799,9.328053727529017,-0.3396050378496451,-0.0020171872984522388,13.050096128106908,17.26527523027199,23.89217490044777,30.315371358378897,35.54048994504761,37.93851651913831,42.116900344559824
2016/08/15,0.0,46.53963397654493,23.318762104769625,23.44953956916966,89.01687203721708,9.434875305864782,-0.33813774133551666,0.07124310717924098,13.183460910886836,17.179293047616294,23.44953956916966,30.36275395850313,35.176928236824516,38.11838665482213,42.83830274080446
2016/08/16,0.0,46.53885587795038,23.512540581397296,23.687839929968035,87.44664257206077,9.351290957512806,-0.3435251504994426,-0.009958763825169026,13.381236132436385,17.109583046408545,23.687839929968035,30.49081917884493,35.427581853046725,37.65839114686324,42.06580109331648
2016/08/17,0.0,45.88045525466764,23.180444993593333,23.634880633924155,90.40502342064313,9.508155626652476,-0.35351078697826166,0.038525239251775645,12.947400280730974,16.87051527352473,23.634880633924155,29.817915554255706,35.367218532673185,38.20989659665696,41.83838924326539
2016/08/18,0.0,49.842952247154486,23.45351205225435,23.862998302534915,90.2519776647546,9.500104087048447,-0.33703987423060106,0.01444107368597436,13.230648806592004,17.217127565847097,23.862998302534915,30.4477763724391,35.585452297786354,37.81967749510458,42.12865769092495
2016/08/19,0.0,46.09036329425692,23.36123178120825,23.525458879070655,87.4582791086626,9.351913125594281,-0.3218398898652333,-0.061762030701682846,13.260698682307577,16.85980850744263,23.525458879070655,30.120507189750207,35.27134307126927,37.845598485702205,41.38008217947941
2016/08/20,0.0,50.059108376154576,23.21475840830153,23.405595298661936,90.52959527336469,9.514704161105835,-0.29986337544332403,-0.055880303374960416,13.397653307324802,16.741273881692813,23.405595298661936,30.138927189017615,35.45904264561102,37.7383255878706,42.131338570895586
2016/08/21,0.0,51.01840975639493,23.13049392077158,23.23692380536363,90.7128544204137,9.52432960477606,-0.28402684445327075,0.0034663156282630503,13.472743928386048,16.77368813751019,23.23692380536363,30.24643206589624,35.15489116931072,37.90164298958847,42.27523224586411
2016/08/22,0.0,45.077086866006354,22.985332702202165,23.367258030481665,85.7303609387875,9.259069118371862,-0.3529567930951569,-0.013646548623014176,12.904736319471485,16.711485306140474,23.367258030481665,29.61622162561196,34.81163547601069,37.256284945894976,40.9497965525625
2016/08/23,0.0,46.09212901551837,23.021079199565786,23.24679231986383,92.07262382554389,9.59544807841426,-0.33038351111526076,-0.12858686729821045,13.481778103349544,16.517313860425418,23.24679231986383,29.999091963774962,35.47642466839001,37.570600886370144,41.589919442866226
2016/08/24,0.0,47.88725897117728,23.107958785272725,23.17454431110786,88.56056639582651,9.41066237816587,-0.29514634441279164,-0.08669625242491019,13.607314293431326,16.419386949640444,23.17454431110786,30.02670124307177,35.04557310939163,37.72263248680835,42.20937128761131
2016/08/25,0.0,46.39731428585595,23.165762257851647,23.374289121961827,84.55803374144429,9.19554423302092,-0.3211456800297688,-0.0513130977960059,13.25960655281391,16.76709877914218,23.374289121961827,30.02670533195609,34.577195110797696,37.228167234600775,41.516462284272976
2016/08/26,0.0,48.44166427156378,23.071460208510445,23.14178389138764,88.1901025409144,9.39095855282699,-0.2993727367128138,-0.02346767345000167,13.257070692935983,16.655384785734007,23.14178389138764,29.91245547866999,34.781220341332855,37.44931254437549,41.75981858598418
2016/08/27,0.0,48.50459295068209,22.937461435741064,23.252285035771656,85.19187008283312,9.229944208002188,-0.28089993373849304,-0.05639552519266777,13.49248754562727,16.16895029241608,23.252285035771656,29.66143783804335,34.751575704343644,37.321837107128054,41.434839436840115
2016/08/28,0.0,44.005817771358494,23.10379952906629,23.081923538784416,86.67144560019162,9.309750028877875,-0.2699245554008731,-0.09026034801032656,13.539119003499025,16.61273136512962,23.081923538784416,30.151850368628644,35.18365524224151,37.73035281737073,41.44228768286004
2016/08/29,0.0,51.87152354191469,22.99282477249334,23.110299210773608,89.5607048249566,9.463651770059833,-0.30263742033047664,-0.11114106368695831,13.736142668664822,16.5400166931351,23.110299210773608,30.276159361799923,34.821290020752464,37.45907318021326,41.79596664344023
2016/08/30,0.0,46.70984644056299,22.744051812755544,22.960663924735,86.27475854129975,9.288420669914759,-0.3323612709178364,-0.06360842205530082,13.379694797415038,16.365495732238422,22.960663924735,29.74519052965346,34.46894721293935,36.78984227249941,41.43985242850734
2016/08/31,0.0,49.55972670301959,22.79369518267869,22.96045513029248,85.8688079024042,9.266542391982254,-0.3128890375143203,-0.06305210022876073,13.140650921336384,16.3393561018635,22.96045513029248,29.480007023199885,34.65983503033039,36.85833510731732,40.87553849337134
2016/09/01,0.0,48.88185483436541,22.87927518177335,23.06356828888136,86.74439947547242,9.31366734833666,-0.2585697590829316,-0.06630175321372977,13.37393050549056,16.32551207092472,23.06356828888136,29.69944257641528,34.69246035545091,37.52324246472189,41.9439462698152
2016/09/02,0.0,48.79994255274154,22.843912600696626,23.054136827719443,85.06654798474894,9.223152822367682,-0.2884664418469521,-0.037295622464409206,13.317946189821487,16.554760608308495,23.054136827719443,29.872706798129983,34.179601624817536,36.984064103856014,41.530061942192305
2016/09/03,0.0,46.1953917488012,22.9835180566909,23.10751403437871,85.61623279107542,9.25290401933768,-0.3017339242038422,-0.2028346980265412,13.910274263447434,16.3741772049695,23.10751403437871,30.284451468416933,34.43715378526635,37.28556689920133,40.99273999133483
2016/09/04,0.0,47.37150846083129,22.860957005275107,23.295375105631727,88.02261782562636,9.382036976351477,-0.2772525918048877,-0.18076295537558984,13.72679573211144,16.125347833322635,23.295375105631727,29.852143565434076,35.19649698329651,37.42418473081656,41.42851352832811
2016/09/05,0.0,48.99542694203134,22.643056895952306,22.856625199208374,87.32642457771433,9.344860864545515,-0.30765688997751744,-0.048742583888322866,12.957865566478286,16.481406172769198,22.856625199208374,29.439271739247484,34.48881110523274,37.51305142878561,41.155421780511496
2016/09/06,0.0,48.68133250398933,22.83976572492335,22.87589586339154,89.42489424856191,9.45647366879229,-0.21833699848374394,-0.07929043198768371,13.30971083768079,16.275130364201384,22.87589586339154,29.584841201882174,35.02901750314791,37.646502918915836,42.859834544159085
2016/09/07,0.0,47.51374831720968,22.626473809594717,22.871500751241644,87.40361538937222,9.348990073231024,-0.2782184414938961,-0.11348661682129135,13.28650681097728,16.074319888783418,22.871500751241644,29.360826699760697,34.217611459346,37.14713795317376,41.574012175582986
2016/09/08,0.0,46.66943430896696,22.660689386471574,22.955947564566884,88.89546695041616,9.428439263760263,-0.2761926523913166,-0.1007093653819795,13.340951755888916,16.102166434177754,22.955947564566884,29.44311819006667,34.76048508885925,37.03839847865806,42.128102119943655
2016/09/09,0.0,46.5131046109256,22.622856878650964,22.843173529834985,86.57852038449165,9.304757943358423,-0.29661471533332606,-0.1411070187476282,13.552219472397557,16.093129775101648,22.843173529834985,29.645349247499205,34.35432440552691,36.836930103562324,41.00754325909651
2016/09/10,0.0,44.55840366721545,22.515319001491534,22.58689542054607,84.60126709412182,9.19789470988453,-0.3075392689643952,-0.09551830561486208,13.32654185392095,16.05259692683657,22.58689542054607,29.379138780757522,34.062536696615396,37.017229438508735,40.577832324284934
2016/09/11,0.0,49.95043631062927,22.579679846666206,22.6054518040376,82.20889863302554,9.066912298739055,-0.26691849284968605,-0.03928783925685542,13.144765003962746,16.286942301200323,22.6054518040376,29.43170730516307,33.83684324424274,36.766514431507545,41.17904423157174
2016/09/12,0.0,49.36018802091336,22.571867156002405,23.09029312966866,88.57569798901454,9.411466303877125,-0.2743677765584857,-0.07452852807287469,13.394732445623555,15.924567896036988,23.09029312966866,29.319300341660544,34.39200311248253,37.501508637281916,41.1875603685779
2016/09/13,0.0,46.24696941613539,22.591782848546224,22.94227688739373,87.3325553896501,9.34518888999308,-0.26186395580656474,-0.16969377386462714,13.329411069886746,16.128903827026825,22.94227688739373,29.45831489691357,34.49888058509072,36.894905491821646,41.721597178034955
2016/09/14,0.0,45.03120240719977,22.415290500051885,22.77485521775889,84.00400548409971,9.165369904379185,-0.34193224345130485,-0.16431857361682,13.404765300342937,15.934893954388794,22.77485521775889,29.339659254731732,34.03715818028715,36.107852592351634,39.94385609560048
2016/09/15,0.0,46.50480090478335,22.52215778924423,22.388846947920037,85.44929479708537,9.243878774469371,-0.2404791126247571,-0.10830839070474108,13.15143173180882,16.09438364779414,22.388846947920037,29.24581537960296,34.04945248735108,37.09708866059361,41.64580944821422
2016/09/16,0.0,50.30407574626118,22.459659888529817,22.525563612214835,85.91221402221584,9.26888418431344,-0.23069711455407843,-0.10175178652636818,13.319470472809767,15.98461254303533,22.525563612214835,29.304083015845098,34.29992748700944,36.97328547622154,40.8870365880755
2016/09/17,0.0,49.41880835356584,22.452567707232653,22.48268621606667,86.04784224928049,9.27619761805884,-0.2872063326156709,-0.14046499746607033,13.437884374642127,16.078109264211893,22.48268621606667,29.51599363885402,34.36263422280319,36.81854145234592,40.35370787635996
2016/09/18,0.0,47.69577412521679,22.33793002410589,22.59584887931785,85.95977663130124,9.271449543156736,-0.23971631340013402,-0.08169813237312873,12.831733256524757,16.091690032274833,22.59584887931785,28.92342328879959,34.31863994983596,36.91697035322441,41.04005138379849
2016/09/19,0.0,47.40472814420116,22.40692334244344,22.572001160481697,85.63386440506235,9.253856731388398,-0.19951346945978463,-0.10823388906488551,12.901460625030055,15.890534037207956,22.572001160481697,28.79199466223801,34.68709189881562,37.19735959737537,41.786936109721545
2016/09/20,0.0,48.78949974418941,22.580216209824535,22.66655084503169,82.88605158236801,9.104177699406357,-0.2620652826225319,-0.1422219376339422,13.200249000914905,16.255107187385843,22.66655084503169,29.455356188300748,34.05288901984505,36.286795038751386,41.27924907781981
2016/09/21,0.0,46.20734646226945,22.574057103735928,22.52463744836407,84.98760806299805,9.218872385655311,-0.2593981347376118,-0.17048999430240697,13.070304339968295,16.041871730113996,22.52463744836407,29.112176070082292,34.55024166718207,37.01918491584594,40.58518138763452
2016/09/22,0.0,47.20969420845274,22.30056269115724,22.520838173483163,85.55848478167216,9.249782958625147,-0.28862014471965963,-0.17509870015925433,13.352467511271248,15.652109574690249,22.520838173483163,29.004577085961497,34.003268301887715,36.47276111468732,40.62313817071766
2016/09/23,0.0,47.372685899026045,22.148898537704294,22.315289491854884,85.11976451143678,9.226037313572755,-0.2699596116672241,-0.13998330590099206,13.202126976575572,15.762790743802457,22.315289491854884,28.96491772037803,33.8663934293954,36.61514685285775,40.154110117136824
2016/09/24,0.0,49.59284370405149,22.32231411851495,22.46106582514242,86.93861313620418,9.324087791103437,-0.2876606791002365,-0.1213274391985113,13.28442127828739,15.85289343091894,22.46106582514242,29.13731470920633,33.91612824144633,36.69445254476224,40.813784623882626
2016/09/25,0.0,49.53586837324335,22.257871881090438,22.65777109973586,85.02093177155399,9.220679572111482,-0.2723325216293938,-0.0870025029900039,12.96962885965143,15.873997591843459,22.65777109973586,28.843626451494888,33.954264604703845,36.6448743638411,41.12362232853221
2016/09/26,0.0,48.00016576868276,22.18143965433139,22.257194814611456,84.46746939288329,9.19061855333379,-0.2609833164006781,-0.0986276643406705,12.977469096973852,15.957829840964596,22.257194814611456,28.935298937938448,33.881920255975146,36.77789150853504,40.19165004087423
2016/09/27,0.0,48.96080802030671,22.304024901780387,22.65170418039408,84.4901448193723,9.19185208863656,-0.23552322528108074,-0.07581649977006677,12.937861083013038,15.839694084180435,22.65170418039408,28.777555167193473,34.11179334892262,36.485440807672084,42.397567416133505
2016/09/28,0.0,52.51186708911105,22.291538110515038,22.51428592866353,88.86340401064437,9.426738779166651,-0.26404400032906467,-0.17582941192907597,13.819097938382512,15.619611019540006,22.51428592866353,29.43870895792252,34.17686641974822,36.93253784637027,40.3665779424974
2016/09/29,0.0,44.69791825911082,22.339733874692786,22.54823961203404,87.38352095983014,9.347915326950183,-0.28188718706151,-0.19801515258694602,13.609259727493507,15.885647514568747,22.54823961203404,29.494907242062254,34.42553391700497,36.89834358104173,41.186745178573524
2016/09/30,0.0,48.2076931732634,22.35747305966346,22.575141959166974,83.26820988461654,9.125141636414009,-0.24094393618957452,-0.06227812041559044,13.106216247596489,15.878129123087586,22.575141959166974,28.984345370684075,33.96248545937219,36.29318542023029,40.95421563264354
2016/10/01,0.0,44.12719020069581,22.26816962122942,22.549546228041592,87.8337870536808,9.37196815261772,-0.30680957193020864,-0.19885978471417243,13.327745925242214,15.812883303455083,22.549546228041592,29.140629228697296,34.277469454664825,36.52423668317492,40.935302686842924
2016/10/02,0.0,46.28252943608533,22.42286464282816,22.536617685322426,83.59776140871604,9.14318114272686,-0.24511447684930157,-0.14069688052931228,13.3040376903444,15.924786421166049,22.536617685322426,29.22882411151045,34.05915390469917,36.45220790493511,41.30880625606665
2016/10/03,0.0,47.357230013361786,22.21084615978068,22.4767631940466,85.79107206427071,9.262347006254446,-0.2733323647294895,-0.12328730263021237,13.251277034056411,15.914832783219335,22.4767631940466,29.166109817275746,33.8119928153321,36.53957610936993,41.180690698936104
2016/10/04,0.0,47.16824127245937,22.38281158877635,22.91557698218414,84.19063137863847,9.175545290533881,-0.2872884631736456,-0.16562811895482588,13.377875885675918,15.766383541218081,22.91557698218414,29.144259426894,33.92594719874492,36.550574676507686,40.26500696659739
2016/10/05,0.0,48.89464797566487,22.533042267805452,22.62599237038757,83.7423198840766,9.151082989683603,-0.23357384583969426,-0.15304981234839676,13.565311593492545,15.966774341635613,22.62599237038757,29.53208593512816,34.322376605637174,36.446495538989595,41.43823702838635
2016/10/06,0.0,47.46032782156553,22.61505694475915,22.615317548190742,85.96564741480891,9.271766143233387,-0.208436811157084,-0.16061290500279934,13.281824888037882,16.217522555717764,22.615317548190742,29.499347443755646,34.5646381236869,37.3160767806805,41.83139499828308
2016/10/07,0.0,47.89601973524254,22.554731748564464,22.49267255764603,83.68640187520292,9.148027212202798,-0.22192561364777408,-0.16364549889349123,13.337593304696277,16.00856502578752,22.49267255764603,29.346158330483796,34.22606849634967,37.0430024952277,40.61227722000686
2016/10/08,0.0,51.03565410539368,22.465748095558776,22.755326209771532,85.9941847036316,9.273304950427955,-0.27494902581094743,-0.1428646361131447,13.68277686345635,15.823726293585253,22.755326209771532,29.506503157041603,33.870414661762226,36.58455882745477,41.417754689315814
2016/10/09,0.0,43.30306427072776,22.39382451143109,22.500293101054496,82.09107961619586,9.060412772947812,-0.29594983776349726,-0.16095395796497858,12.936155583092027,16.095854619522058,22.500293101054496,29.032010202614085,34.08132651711249,36.171271203866944,40.17411410594866
2016/10/10,0.0,48.24685337374199,22.451103660921046,22.678743198867963,86.68388419683069,9.310418046297958,-0.251848192287452,-0.15402552911590206,13.582867742203097,15.822783475977198,22.678743198867963,29.405651218180296,33.98401549453286,36.916795990102216,40.9410788569905
2016/10/11,0.0,45.2839225296393,22.370812150757164,22.30825441845504,83.78414633223115,9.153368032163415,-0.2810171885287841,-0.12717362688234024,13.029563019943549,16.143233566967336,22.30825441845504,29.172796586910884,34.103810916426895,36.274562744839926,40.55762114884646
2016/10/12,0.0,45.143303678338505,22.496123343083603,22.755891568907465,85.31960884082655,9.236861417214538,-0.2854170988053499,-0.1255740591287462,13.29453601847461,16.11123250636779,22.755891568907465,29.4057685248424,34.07250606534272,36.507715518754964,40.99905280123721
2016/10/13,0.0,44.69184604464682,22.36934911455905,22.50835021944879,85.18125332805268,9.229369064462244,-0.2920419559450231,-0.14722815229483777,13.417428810491916,15.827214677654805,22.50835021944879,29.24464348814672,34.214377086100036,36.7134477157696,40.45994343562657
2016/10/14,0.0,49.12380682816272,22.67867241531076,22.568570908516094,87.1897636293634,9.337545910428682,-0.1997363232697687,-0.1254381068111461,13.295571068095391,16.33065731749974,22.568570908516094,29.62622838559513,34.46073080078814,37.186597548957884,42.17172689166973
2016/10/15,0.0,45.9153393852212,22.359724793756396,22.375388509902876,86.5472327141531,9.303076518773405,-0.27970443938623774,-0.11701479530668335,13.218466354144741,15.977821485417746,22.375388509902876,29.196287839562487,33.969319426320126,36.84660988668902,40.517801297974955
2016/10/16,0.0,46.05984381634714,22.53460926946863,22.813583048160563,86.37831802349618,9.29399365308026,-0.3221929688698788,-0.14997374944411845,13.506530853094404,16.22101095037926,22.813583048160563,29.727541803473663,34.618988516682734,36.20105822100375,40.3987638070269
2016/10/17,0.0,46.56026100816188,22.429703814410516,22.667711783503748,84.87897613037543,9.212978678493478,-0.2511756208611498,-0.10374419315250583,12.920426713437179,15.989004804163615,22.667711783503748,28.909431517600794,34.53785590255961,36.90869502217586,41.05590207761191
2016/10/18,0.0,45.92208590540157,22.54092390409785,22.80218131604125,86.55195394821331,9.303330261159887,-0.28474415801510045,-0.1389845512822765,13.442659541518001,16.028874857294532,22.80218131604125,29.471534398812533,34.24330473383208,37.006983218149365,40.88731158961988
2016/10/19,0.0,46.01663862920966,22.745150797596615,22.88074304776428,85.53242145369846,9.248373989718326,-0.28715163216415585,-0.15493416534219628,13.458245808836757,16.19578276130835,22.88074304776428,29.65402857014511,34.45811272763435,37.2638805978656,40.87854447888536
2016/10/20,0.0,45.94256312226288,22.676487881938446,22.76123866420587,82.73347229453209,9.095794209112919,-0.2563794678034873,-0.06384619661199675,13.160704528548457,16.30442234526666,22.76123866420587,29.465126873815116,34.175625679201374,37.02146281846365,41.32589657145352
2016/10/21,0.0,48.96222335968278,22.579522067951373,22.690953553443208,90.36475607500888,9.506037874688323,-0.2397256833096617,-0.1497997174942194,13.771228753182895,15.808384541108753,22.690953553443208,29.579613294291647,35.12187163295746,37.54076665778066,41.12803998059845
2016/10/22,0.0,44.59055272092237,22.559716758589804,22.696954873472315,85.13813912397107,9.227033061822802,-0.30334131297910527,-0.08880020839461533,12.933914510991645,16.090047332596125,22.696954873472315,29.02396184358777,34.659899516755004,36.94805848729842,40.92030815409997
2016/10/23,0.0,47.53512769454672,22.622957364684694,22.580127531550097,83.00350170825524,9.110625758325014,-0.28194026068937944,-0.017074036313416308,12.852254604311192,16.3740564137912,22.580127531550097,29.226311018102393,34.419595721600174,36.71098338290884,40.74976492084618
2016/10/24,0.0,45.92812114968625,22.598261483913017,22.667933791001808,82.08172256400817,9.05989638814971,-0.29948517428680177,-0.08654866595488997,12.863657227555464,16.26526370628417,22.667933791001808,29.128920933839634,34.36986998640683,36.7563478781959,40.34332332129359
2016/10/25,0.0,46.53550400349596,22.729176040831554,22.9593384686897,85.24336662746686,9.232733432059373,-0.2847010469847373,-0.06868080814863387,13.226764768053599,16.230854819302603,22.9593384686897,29.457619587356202,34.64517427689397,36.96788218010606,41.69618867546351
2016/10/26,0.0,48.12126045275992,22.917182923572177,22.91556128662923,88.1622947331927,9.389477873300129,-0.27901972282617127,-0.1612413370796255,13.656557046304503,16.25886122928066,22.91556128662923,29.915418275585164,34.84416435827048,37.24155655680582,41.90015226575153
2016/10/27,0.0,45.06122305878513,22.795650020574318,23.106830744343547,89.96905416521574,9.485201851579951,-0.29733616964817056,-0.17985183972766983,13.6515806418961,16.069222216230944,23.106830744343547,29.720802858127044,34.98028794852716,37.49280683804104,41.92066708763788
2016/10/28,0.0,48.17378760501154,22.819141560846628,22.87754340558608,87.70386854758779,9.365034359124786,-0.2253794455150388,-0.09146084441741609,13.392944525359852,16.329086640992816,22.87754340558608,29.722031166352668,34.98316579670203,37.57880159554576,41.485847967148864
2016/10/29,0.0,47.57655688813087,22.968292441054107,23.19756836610137,87.57859112916775,9.358343396625695,-0.2940557263568453,-0.13188954829468003,13.659054404670805,16.269592027426285,23.19756836610137,29.92864643209709,34.80066938705218,37.268614308584084,41.74071625556808
2016/10/30,0.0,50.46924909344501,22.85684296216256,23.00090532796176,87.9961402349601,9.380625791223105,-0.26318219426828865,-0.08025490318169792,13.413115874158024,16.452889130307558,23.00090532796176,29.86600500446558,34.568082019672175,37.30178794024239,41.686282184633846
